iso3,year,value,low,high
AFG,2000,2100.0,840.0,5300.0
AFG,2001,2200.0,920.0,6200.0
AFG,2002,2500.0,980.0,7200.0
AFG,2003,2700.0,1000.0,8000.0
AFG,2004,2900.0,1100.0,9000.0
AFG,2005,3200.0,1100.0,9900.0
AFG,2006,3400.0,1200.0,11000.0
AFG,2007,3600.0,1300.0,11000.0
AFG,2008,3900.0,1300.0,13000.0
AFG,2009,4100.0,1400.0,14000.0
AFG,2010,4400.0,1400.0,14000.0
AFG,2011,4700.0,1600.0,15000.0
AFG,2012,5100.0,1600.0,16000.0
AFG,2013,5300.0,1700.0,17000.0
AFG,2014,5700.0,1700.0,18000.0
AFG,2015,6000.0,1700.0,20000.0
AFG,2016,6300.0,1800.0,23000.0
AFG,2017,6700.0,1900.0,26000.0
AFG,2018,7000.0,1900.0,30000.0
AFG,2019,7400.0,1900.0,33000.0
AFG,2020,7900.0,2000.0,38000.0
AFG,2021,8200.0,1900.0,42000.0
AFG,2022,8500.0,1800.0,46000.0
AFG,2023,9000.0,1700.0,50000.0
AFG,2024,9400.0,1800.0,55000.0
AFG,2025,10000.0,1800.0,60000.0
AGO,2000,120000.0,93000.0,150000.0
AGO,2001,130000.0,100000.0,160000.0
AGO,2002,140000.0,110000.0,170000.0
AGO,2003,150000.0,120000.0,180000.0
AGO,2004,160000.0,130000.0,190000.0
AGO,2005,170000.0,140000.0,200000.0
AGO,2006,180000.0,150000.0,210000.0
AGO,2007,190000.0,170000.0,220000.0
AGO,2008,200000.0,180000.0,230000.0
AGO,2009,220000.0,190000.0,250000.0
AGO,2010,230000.0,200000.0,260000.0
AGO,2011,240000.0,210000.0,280000.0
AGO,2012,260000.0,230000.0,290000.0
AGO,2013,270000.0,240000.0,300000.0
AGO,2014,280000.0,250000.0,320000.0
AGO,2015,290000.0,260000.0,330000.0
AGO,2016,310000.0,270000.0,340000.0
AGO,2017,320000.0,280000.0,350000.0
AGO,2018,330000.0,290000.0,360000.0
AGO,2019,340000.0,300000.0,370000.0
AGO,2020,340000.0,300000.0,380000.0
AGO,2021,350000.0,310000.0,390000.0
AGO,2022,360000.0,310000.0,400000.0
AGO,2023,360000.0,310000.0,410000.0
AGO,2024,370000.0,320000.0,430000.0
AGO,2025,370000.0,320000.0,430000.0
ALB,2000,200.0,100.0,200.0
ALB,2001,200.0,200.0,200.0
ALB,2002,200.0,200.0,500.0
ALB,2003,500.0,200.0,500.0
ALB,2004,500.0,500.0,500.0
ALB,2005,500.0,500.0,500.0
ALB,2006,500.0,500.0,500.0
ALB,2007,500.0,500.0,500.0
ALB,2008,500.0,500.0,550.0
ALB,2009,560.0,500.0,640.0
ALB,2010,640.0,560.0,720.0
ALB,2011,720.0,620.0,800.0
ALB,2012,790.0,680.0,890.0
ALB,2013,870.0,750.0,970.0
ALB,2014,950.0,820.0,1100.0
ALB,2015,1000.0,880.0,1100.0
ALB,2016,1100.0,950.0,1200.0
ALB,2017,1200.0,1000.0,1300.0
ALB,2018,1200.0,1100.0,1400.0
ALB,2019,1300.0,1100.0,1400.0
ALB,2020,1300.0,1100.0,1500.0
ALB,2021,1400.0,1200.0,1600.0
ALB,2022,1500.0,1300.0,1700.0
ALB,2023,1500.0,1300.0,1700.0
ALB,2024,1600.0,1300.0,1800.0
ALB,2025,1600.0,1400.0,1900.0
ARE,2000,200.0,100.0,200.0
ARE,2001,200.0,200.0,500.0
ARE,2002,500.0,200.0,500.0
ARE,2003,500.0,200.0,500.0
ARE,2004,500.0,500.0,500.0
ARE,2005,500.0,500.0,500.0
ARE,2006,500.0,500.0,580.0
ARE,2007,590.0,510.0,690.0
ARE,2008,670.0,580.0,770.0
ARE,2009,710.0,620.0,790.0
ARE,2010,730.0,650.0,800.0
ARE,2011,750.0,670.0,810.0
ARE,2012,770.0,680.0,830.0
ARE,2013,780.0,700.0,850.0
ARE,2014,800.0,710.0,870.0
ARE,2015,800.0,710.0,880.0
ARE,2016,790.0,700.0,870.0
ARE,2017,780.0,690.0,860.0
ARE,2018,770.0,690.0,860.0
ARE,2019,770.0,690.0,850.0
ARE,2020,800.0,730.0,890.0
ARE,2021,860.0,780.0,960.0
ARE,2022,960.0,880.0,1100.0
ARE,2023,1100.0,980.0,1200.0
ARE,2024,1300.0,1100.0,1400.0
ARE,2025,1400.0,1200.0,1600.0
ARG,2000,57000.0,51000.0,61000.0
ARG,2001,61000.0,55000.0,65000.0
ARG,2002,65000.0,59000.0,70000.0
ARG,2003,69000.0,62000.0,74000.0
ARG,2004,73000.0,66000.0,78000.0
ARG,2005,77000.0,70000.0,83000.0
ARG,2006,81000.0,73000.0,86000.0
ARG,2007,85000.0,77000.0,90000.0
ARG,2008,89000.0,81000.0,95000.0
ARG,2009,93000.0,85000.0,99000.0
ARG,2010,97000.0,89000.0,100000.0
ARG,2011,100000.0,92000.0,110000.0
ARG,2012,100000.0,95000.0,110000.0
ARG,2013,110000.0,99000.0,110000.0
ARG,2014,110000.0,100000.0,120000.0
ARG,2015,120000.0,110000.0,120000.0
ARG,2016,120000.0,110000.0,130000.0
ARG,2017,120000.0,110000.0,130000.0
ARG,2018,130000.0,120000.0,130000.0
ARG,2019,130000.0,120000.0,140000.0
ARG,2020,130000.0,120000.0,140000.0
ARG,2021,140000.0,120000.0,140000.0
ARG,2022,140000.0,130000.0,150000.0
ARG,2023,140000.0,130000.0,150000.0
ARG,2024,150000.0,130000.0,160000.0
ARG,2025,150000.0,140000.0,160000.0
ARM,2000,200.0,200.0,200.0
ARM,2001,500.0,200.0,500.0
ARM,2002,500.0,500.0,500.0
ARM,2003,500.0,500.0,500.0
ARM,2004,520.0,500.0,580.0
ARM,2005,660.0,590.0,730.0
ARM,2006,830.0,750.0,900.0
ARM,2007,1000.0,930.0,1100.0
ARM,2008,1200.0,1100.0,1300.0
ARM,2009,1500.0,1400.0,1600.0
ARM,2010,1700.0,1600.0,1800.0
ARM,2011,2000.0,1900.0,2100.0
ARM,2012,2300.0,2200.0,2500.0
ARM,2013,2700.0,2500.0,2800.0
ARM,2014,3000.0,2900.0,3200.0
ARM,2015,3400.0,3200.0,3600.0
ARM,2016,3800.0,3600.0,4000.0
ARM,2017,4200.0,4000.0,4400.0
ARM,2018,4600.0,4400.0,4900.0
ARM,2019,5000.0,4800.0,5300.0
ARM,2020,5400.0,5100.0,5700.0
ARM,2021,5800.0,5500.0,6200.0
ARM,2022,6400.0,6000.0,6700.0
ARM,2023,7000.0,6600.0,7400.0
ARM,2024,7400.0,7000.0,7900.0
ARM,2025,7800.0,7300.0,8300.0
ATG,2000,500.0,500.0,500.0
ATG,2001,500.0,500.0,500.0
ATG,2002,500.0,500.0,500.0
ATG,2003,500.0,500.0,500.0
ATG,2004,500.0,500.0,500.0
ATG,2005,500.0,500.0,500.0
ATG,2006,500.0,500.0,500.0
ATG,2007,500.0,500.0,500.0
ATG,2008,500.0,500.0,500.0
ATG,2009,500.0,500.0,500.0
ATG,2010,500.0,500.0,500.0
ATG,2011,500.0,500.0,500.0
ATG,2012,500.0,500.0,530.0
ATG,2013,510.0,500.0,560.0
ATG,2014,540.0,500.0,590.0
ATG,2015,570.0,520.0,620.0
ATG,2016,600.0,550.0,650.0
ATG,2017,630.0,580.0,680.0
ATG,2018,660.0,610.0,710.0
ATG,2019,690.0,630.0,750.0
ATG,2020,710.0,650.0,780.0
ATG,2021,740.0,670.0,810.0
ATG,2022,770.0,690.0,850.0
ATG,2023,800.0,710.0,880.0
ATG,2024,830.0,730.0,920.0
ATG,2025,860.0,750.0,970.0
AUS,2000,12000.0,11000.0,12000.0
AUS,2001,12000.0,12000.0,13000.0
AUS,2002,13000.0,12000.0,14000.0
AUS,2003,14000.0,13000.0,15000.0
AUS,2004,15000.0,14000.0,16000.0
AUS,2005,16000.0,15000.0,17000.0
AUS,2006,17000.0,15000.0,18000.0
AUS,2007,18000.0,16000.0,19000.0
AUS,2008,18000.0,17000.0,20000.0
AUS,2009,19000.0,18000.0,21000.0
AUS,2010,20000.0,19000.0,22000.0
AUS,2011,21000.0,19000.0,22000.0
AUS,2012,22000.0,20000.0,24000.0
AUS,2013,23000.0,21000.0,24000.0
AUS,2014,23000.0,21000.0,25000.0
AUS,2015,24000.0,22000.0,26000.0
AUS,2016,25000.0,23000.0,27000.0
AUS,2017,26000.0,24000.0,28000.0
AUS,2018,27000.0,25000.0,29000.0
AUS,2019,28000.0,25000.0,30000.0
AUS,2020,29000.0,26000.0,31000.0
AUS,2021,29000.0,26000.0,32000.0
AUS,2022,30000.0,26000.0,33000.0
AUS,2023,30000.0,27000.0,34000.0
AUS,2024,31000.0,27000.0,34000.0
AUS,2025,31000.0,27000.0,35000.0
AZE,2000,5100.0,3400.0,6900.0
AZE,2001,6000.0,4200.0,7900.0
AZE,2002,6800.0,5000.0,8800.0
AZE,2003,7500.0,5600.0,9700.0
AZE,2004,8100.0,6100.0,10000.0
AZE,2005,8600.0,6600.0,11000.0
AZE,2006,9100.0,7000.0,11000.0
AZE,2007,9400.0,7500.0,12000.0
AZE,2008,9700.0,7800.0,12000.0
AZE,2009,9900.0,8000.0,12000.0
AZE,2010,10000.0,8100.0,12000.0
AZE,2011,10000.0,8400.0,13000.0
AZE,2012,10000.0,8600.0,13000.0
AZE,2013,11000.0,8700.0,13000.0
AZE,2014,11000.0,8900.0,13000.0
AZE,2015,11000.0,9100.0,13000.0
AZE,2016,11000.0,9200.0,13000.0
AZE,2017,11000.0,9200.0,13000.0
AZE,2018,11000.0,9300.0,13000.0
AZE,2019,11000.0,9400.0,13000.0
AZE,2020,11000.0,9600.0,14000.0
AZE,2021,12000.0,9700.0,14000.0
AZE,2022,12000.0,9800.0,14000.0
AZE,2023,12000.0,9800.0,14000.0
AZE,2024,12000.0,9800.0,14000.0
AZE,2025,12000.0,9900.0,15000.0
BDI,2000,130000.0,120000.0,160000.0
BDI,2001,130000.0,110000.0,150000.0
BDI,2002,120000.0,110000.0,140000.0
BDI,2003,120000.0,100000.0,140000.0
BDI,2004,110000.0,100000.0,130000.0
BDI,2005,110000.0,98000.0,120000.0
BDI,2006,110000.0,95000.0,120000.0
BDI,2007,100000.0,92000.0,120000.0
BDI,2008,100000.0,91000.0,110000.0
BDI,2009,100000.0,92000.0,120000.0
BDI,2010,100000.0,90000.0,110000.0
BDI,2011,98000.0,88000.0,110000.0
BDI,2012,97000.0,87000.0,110000.0
BDI,2013,95000.0,86000.0,110000.0
BDI,2014,94000.0,84000.0,110000.0
BDI,2015,90000.0,81000.0,100000.0
BDI,2016,88000.0,78000.0,100000.0
BDI,2017,86000.0,77000.0,99000.0
BDI,2018,86000.0,77000.0,99000.0
BDI,2019,85000.0,77000.0,99000.0
BDI,2020,85000.0,76000.0,98000.0
BDI,2021,84000.0,76000.0,98000.0
BDI,2022,84000.0,76000.0,97000.0
BDI,2023,83000.0,76000.0,96000.0
BDI,2024,83000.0,75000.0,95000.0
BDI,2025,82000.0,75000.0,95000.0
BEL,2000,5500.0,5200.0,5800.0
BEL,2001,5900.0,5500.0,6200.0
BEL,2002,6300.0,6000.0,6700.0
BEL,2003,6900.0,6500.0,7300.0
BEL,2004,7500.0,7000.0,7900.0
BEL,2005,8200.0,7700.0,8600.0
BEL,2006,9000.0,8500.0,9500.0
BEL,2007,9800.0,9300.0,10000.0
BEL,2008,11000.0,10000.0,11000.0
BEL,2009,11000.0,11000.0,12000.0
BEL,2010,12000.0,12000.0,13000.0
BEL,2011,13000.0,13000.0,14000.0
BEL,2012,14000.0,13000.0,15000.0
BEL,2013,15000.0,14000.0,15000.0
BEL,2014,15000.0,14000.0,16000.0
BEL,2015,16000.0,15000.0,17000.0
BEL,2016,16000.0,15000.0,17000.0
BEL,2017,17000.0,16000.0,18000.0
BEL,2018,17000.0,16000.0,18000.0
BEL,2019,18000.0,16000.0,19000.0
BEL,2020,18000.0,17000.0,19000.0
BEL,2021,18000.0,17000.0,20000.0
BEL,2022,18000.0,17000.0,20000.0
BEL,2023,19000.0,17000.0,21000.0
BEL,2024,19000.0,17000.0,21000.0
BEL,2025,20000.0,17000.0,22000.0
BEN,2000,59000.0,51000.0,68000.0
BEN,2001,62000.0,54000.0,70000.0
BEN,2002,63000.0,55000.0,72000.0
BEN,2003,64000.0,56000.0,73000.0
BEN,2004,65000.0,57000.0,73000.0
BEN,2005,65000.0,57000.0,74000.0
BEN,2006,65000.0,57000.0,74000.0
BEN,2007,65000.0,57000.0,73000.0
BEN,2008,65000.0,57000.0,74000.0
BEN,2009,67000.0,58000.0,76000.0
BEN,2010,68000.0,60000.0,78000.0
BEN,2011,70000.0,61000.0,80000.0
BEN,2012,71000.0,62000.0,82000.0
BEN,2013,72000.0,63000.0,83000.0
BEN,2014,73000.0,63000.0,84000.0
BEN,2015,73000.0,64000.0,85000.0
BEN,2016,73000.0,64000.0,85000.0
BEN,2017,73000.0,63000.0,85000.0
BEN,2018,73000.0,63000.0,85000.0
BEN,2019,72000.0,63000.0,84000.0
BEN,2020,72000.0,62000.0,84000.0
BEN,2021,71000.0,61000.0,84000.0
BEN,2022,70000.0,60000.0,83000.0
BEN,2023,70000.0,59000.0,83000.0
BEN,2024,69000.0,58000.0,82000.0
BEN,2025,68000.0,57000.0,81000.0
BFA,2000,140000.0,120000.0,180000.0
BFA,2001,140000.0,120000.0,170000.0
BFA,2002,130000.0,110000.0,160000.0
BFA,2003,130000.0,110000.0,150000.0
BFA,2004,120000.0,110000.0,150000.0
BFA,2005,120000.0,110000.0,140000.0
BFA,2006,120000.0,100000.0,140000.0
BFA,2007,120000.0,100000.0,130000.0
BFA,2008,110000.0,100000.0,130000.0
BFA,2009,110000.0,98000.0,130000.0
BFA,2010,110000.0,97000.0,130000.0
BFA,2011,110000.0,95000.0,120000.0
BFA,2012,110000.0,95000.0,120000.0
BFA,2013,110000.0,93000.0,120000.0
BFA,2014,110000.0,92000.0,120000.0
BFA,2015,100000.0,91000.0,120000.0
BFA,2016,100000.0,90000.0,120000.0
BFA,2017,100000.0,88000.0,120000.0
BFA,2018,100000.0,87000.0,120000.0
BFA,2019,99000.0,85000.0,120000.0
BFA,2020,97000.0,84000.0,110000.0
BFA,2021,96000.0,83000.0,110000.0
BFA,2022,94000.0,81000.0,110000.0
BFA,2023,93000.0,80000.0,110000.0
BFA,2024,92000.0,78000.0,110000.0
BFA,2025,91000.0,77000.0,110000.0
BGD,2000,900.0,810.0,990.0
BGD,2001,1300.0,1100.0,1400.0
BGD,2002,1700.0,1500.0,1900.0
BGD,2003,2300.0,2000.0,2500.0
BGD,2004,2800.0,2600.0,3100.0
BGD,2005,3400.0,3100.0,3800.0
BGD,2006,4000.0,3600.0,4400.0
BGD,2007,4600.0,4100.0,5000.0
BGD,2008,5200.0,4600.0,5600.0
BGD,2009,5800.0,5200.0,6300.0
BGD,2010,6300.0,5800.0,6900.0
BGD,2011,7000.0,6400.0,7600.0
BGD,2012,7700.0,7000.0,8400.0
BGD,2013,8500.0,7800.0,9300.0
BGD,2014,9400.0,8600.0,10000.0
BGD,2015,10000.0,9400.0,11000.0
BGD,2016,11000.0,10000.0,12000.0
BGD,2017,12000.0,11000.0,13000.0
BGD,2018,13000.0,12000.0,14000.0
BGD,2019,14000.0,13000.0,15000.0
BGD,2020,15000.0,13000.0,16000.0
BGD,2021,15000.0,14000.0,17000.0
BGD,2022,16000.0,15000.0,18000.0
BGD,2023,17000.0,16000.0,19000.0
BGD,2024,18000.0,16000.0,20000.0
BGD,2025,19000.0,17000.0,21000.0
BGR,2000,1500.0,1200.0,1700.0
BGR,2001,1500.0,1200.0,1700.0
BGR,2002,1600.0,1300.0,1800.0
BGR,2003,1600.0,1300.0,1800.0
BGR,2004,1600.0,1400.0,1900.0
BGR,2005,1700.0,1400.0,1900.0
BGR,2006,1700.0,1500.0,2000.0
BGR,2007,1800.0,1500.0,2000.0
BGR,2008,1900.0,1600.0,2100.0
BGR,2009,2000.0,1700.0,2200.0
BGR,2010,2000.0,1700.0,2300.0
BGR,2011,2100.0,1800.0,2400.0
BGR,2012,2200.0,1900.0,2500.0
BGR,2013,2400.0,2000.0,2700.0
BGR,2014,2500.0,2100.0,2800.0
BGR,2015,2600.0,2200.0,2900.0
BGR,2016,2700.0,2300.0,3000.0
BGR,2017,2900.0,2400.0,3200.0
BGR,2018,3000.0,2500.0,3400.0
BGR,2019,3200.0,2700.0,3500.0
BGR,2020,3400.0,2800.0,3700.0
BGR,2021,3500.0,3000.0,3900.0
BGR,2022,3800.0,3200.0,4200.0
BGR,2023,4000.0,3300.0,4400.0
BGR,2024,4100.0,3400.0,4600.0
BGR,2025,4400.0,3600.0,4900.0
BHS,2000,4400.0,4000.0,4800.0
BHS,2001,4300.0,3900.0,4800.0
BHS,2002,4300.0,3900.0,4700.0
BHS,2003,4200.0,3900.0,4700.0
BHS,2004,4300.0,3900.0,4700.0
BHS,2005,4300.0,4000.0,4700.0
BHS,2006,4400.0,4000.0,4700.0
BHS,2007,4400.0,4100.0,4800.0
BHS,2008,4400.0,4100.0,4800.0
BHS,2009,4500.0,4100.0,4800.0
BHS,2010,4500.0,4200.0,4800.0
BHS,2011,4500.0,4100.0,4800.0
BHS,2012,4400.0,4000.0,4700.0
BHS,2013,4300.0,4000.0,4700.0
BHS,2014,4300.0,3900.0,4700.0
BHS,2015,4300.0,3900.0,4600.0
BHS,2016,4200.0,3800.0,4600.0
BHS,2017,4200.0,3800.0,4600.0
BHS,2018,4200.0,3800.0,4600.0
BHS,2019,4200.0,3800.0,4600.0
BHS,2020,4200.0,3700.0,4500.0
BHS,2021,4100.0,3700.0,4500.0
BHS,2022,4100.0,3600.0,4500.0
BHS,2023,4000.0,3600.0,4400.0
BHS,2024,3900.0,3500.0,4300.0
BHS,2025,3900.0,3400.0,4300.0
BLZ,2000,1600.0,1400.0,1700.0
BLZ,2001,1800.0,1600.0,1900.0
BLZ,2002,1900.0,1700.0,2100.0
BLZ,2003,2000.0,1800.0,2200.0
BLZ,2004,2100.0,1900.0,2300.0
BLZ,2005,2200.0,2000.0,2400.0
BLZ,2006,2300.0,2100.0,2500.0
BLZ,2007,2400.0,2200.0,2600.0
BLZ,2008,2500.0,2300.0,2700.0
BLZ,2009,2500.0,2300.0,2700.0
BLZ,2010,2600.0,2400.0,2800.0
BLZ,2011,2600.0,2400.0,2800.0
BLZ,2012,2700.0,2500.0,2900.0
BLZ,2013,2700.0,2500.0,2900.0
BLZ,2014,2700.0,2500.0,3000.0
BLZ,2015,2800.0,2500.0,3000.0
BLZ,2016,2900.0,2600.0,3200.0
BLZ,2017,2900.0,2600.0,3200.0
BLZ,2018,2900.0,2700.0,3300.0
BLZ,2019,3000.0,2700.0,3400.0
BLZ,2020,3000.0,2700.0,3400.0
BLZ,2021,3100.0,2700.0,3500.0
BLZ,2022,3200.0,2800.0,3600.0
BLZ,2023,3200.0,2800.0,3700.0
BLZ,2024,3300.0,2900.0,3800.0
BLZ,2025,3400.0,3000.0,3900.0
BOL,2000,19000.0,16000.0,24000.0
BOL,2001,20000.0,17000.0,25000.0
BOL,2002,21000.0,18000.0,25000.0
BOL,2003,22000.0,18000.0,26000.0
BOL,2004,23000.0,19000.0,27000.0
BOL,2005,23000.0,20000.0,28000.0
BOL,2006,24000.0,21000.0,29000.0
BOL,2007,25000.0,22000.0,30000.0
BOL,2008,26000.0,22000.0,31000.0
BOL,2009,27000.0,23000.0,32000.0
BOL,2010,27000.0,24000.0,33000.0
BOL,2011,28000.0,25000.0,34000.0
BOL,2012,29000.0,25000.0,34000.0
BOL,2013,30000.0,26000.0,35000.0
BOL,2014,30000.0,26000.0,36000.0
BOL,2015,31000.0,27000.0,37000.0
BOL,2016,32000.0,28000.0,38000.0
BOL,2017,33000.0,28000.0,39000.0
BOL,2018,33000.0,29000.0,40000.0
BOL,2019,34000.0,30000.0,41000.0
BOL,2020,35000.0,31000.0,42000.0
BOL,2021,36000.0,32000.0,43000.0
BOL,2022,37000.0,32000.0,44000.0
BOL,2023,38000.0,33000.0,45000.0
BOL,2024,39000.0,34000.0,46000.0
BOL,2025,40000.0,35000.0,48000.0
BRA,2000,270000.0,250000.0,290000.0
BRA,2001,290000.0,270000.0,310000.0
BRA,2002,310000.0,280000.0,330000.0
BRA,2003,330000.0,300000.0,350000.0
BRA,2004,350000.0,320000.0,370000.0
BRA,2005,370000.0,350000.0,400000.0
BRA,2006,400000.0,370000.0,420000.0
BRA,2007,430000.0,400000.0,450000.0
BRA,2008,460000.0,420000.0,480000.0
BRA,2009,490000.0,450000.0,510000.0
BRA,2010,520000.0,470000.0,550000.0
BRA,2011,550000.0,500000.0,580000.0
BRA,2012,580000.0,530000.0,620000.0
BRA,2013,620000.0,570000.0,660000.0
BRA,2014,660000.0,610000.0,700000.0
BRA,2015,700000.0,640000.0,750000.0
BRA,2016,750000.0,690000.0,800000.0
BRA,2017,790000.0,730000.0,850000.0
BRA,2018,840000.0,770000.0,900000.0
BRA,2019,890000.0,810000.0,960000.0
BRA,2020,940000.0,860000.0,1000000.0
BRA,2021,990000.0,900000.0,1100000.0
BRA,2022,1000000.0,940000.0,1100000.0
BRA,2023,1100000.0,980000.0,1200000.0
BRA,2024,1100000.0,1000000.0,1200000.0
BRA,2025,1200000.0,1100000.0,1300000.0
BRB,2000,1500.0,1300.0,1600.0
BRB,2001,1500.0,1400.0,1700.0
BRB,2002,1600.0,1400.0,1800.0
BRB,2003,1700.0,1500.0,1800.0
BRB,2004,1800.0,1600.0,1900.0
BRB,2005,1800.0,1700.0,2000.0
BRB,2006,1900.0,1700.0,2100.0
BRB,2007,2000.0,1800.0,2100.0
BRB,2008,2000.0,1800.0,2200.0
BRB,2009,2100.0,1900.0,2200.0
BRB,2010,2100.0,1900.0,2300.0
BRB,2011,2100.0,1900.0,2300.0
BRB,2012,2100.0,1900.0,2300.0
BRB,2013,2100.0,1900.0,2300.0
BRB,2014,2200.0,1900.0,2300.0
BRB,2015,2200.0,1900.0,2400.0
BRB,2016,2200.0,1900.0,2400.0
BRB,2017,2200.0,1900.0,2400.0
BRB,2018,2200.0,1900.0,2400.0
BRB,2019,2200.0,1900.0,2400.0
BRB,2020,2200.0,1900.0,2400.0
BRB,2021,2200.0,2000.0,2400.0
BRB,2022,2200.0,1900.0,2400.0
BRB,2023,2200.0,1900.0,2500.0
BRB,2024,2300.0,2000.0,2500.0
BRB,2025,2300.0,2000.0,2600.0
BTN,2000,500.0,500.0,500.0
BTN,2001,500.0,500.0,500.0
BTN,2002,500.0,500.0,510.0
BTN,2003,500.0,500.0,550.0
BTN,2004,510.0,500.0,600.0
BTN,2005,550.0,500.0,640.0
BTN,2006,580.0,510.0,680.0
BTN,2007,610.0,530.0,710.0
BTN,2008,640.0,560.0,750.0
BTN,2009,670.0,590.0,780.0
BTN,2010,690.0,620.0,810.0
BTN,2011,720.0,640.0,840.0
BTN,2012,740.0,660.0,870.0
BTN,2013,760.0,680.0,900.0
BTN,2014,790.0,700.0,920.0
BTN,2015,810.0,720.0,950.0
BTN,2016,830.0,740.0,980.0
BTN,2017,860.0,770.0,1000.0
BTN,2018,890.0,800.0,1100.0
BTN,2019,930.0,830.0,1100.0
BTN,2020,960.0,860.0,1100.0
BTN,2021,1000.0,890.0,1200.0
BTN,2022,1000.0,920.0,1200.0
BTN,2023,1100.0,950.0,1300.0
BTN,2024,1100.0,980.0,1300.0
BTN,2025,1200.0,1000.0,1400.0
BWA,2000,280000.0,270000.0,300000.0
BWA,2001,290000.0,280000.0,310000.0
BWA,2002,290000.0,280000.0,310000.0
BWA,2003,300000.0,280000.0,310000.0
BWA,2004,300000.0,290000.0,320000.0
BWA,2005,300000.0,290000.0,320000.0
BWA,2006,310000.0,290000.0,320000.0
BWA,2007,310000.0,300000.0,330000.0
BWA,2008,320000.0,300000.0,340000.0
BWA,2009,320000.0,310000.0,340000.0
BWA,2010,330000.0,310000.0,350000.0
BWA,2011,340000.0,320000.0,350000.0
BWA,2012,340000.0,320000.0,360000.0
BWA,2013,350000.0,330000.0,360000.0
BWA,2014,350000.0,330000.0,370000.0
BWA,2015,350000.0,340000.0,370000.0
BWA,2016,360000.0,340000.0,380000.0
BWA,2017,360000.0,340000.0,380000.0
BWA,2018,360000.0,340000.0,380000.0
BWA,2019,360000.0,340000.0,380000.0
BWA,2020,360000.0,340000.0,380000.0
BWA,2021,360000.0,340000.0,380000.0
BWA,2022,360000.0,340000.0,380000.0
BWA,2023,360000.0,330000.0,380000.0
BWA,2024,350000.0,330000.0,370000.0
BWA,2025,350000.0,330000.0,370000.0
CAF,2000,180000.0,150000.0,220000.0
CAF,2001,180000.0,150000.0,220000.0
CAF,2002,180000.0,150000.0,220000.0
CAF,2003,180000.0,150000.0,220000.0
CAF,2004,180000.0,140000.0,210000.0
CAF,2005,170000.0,140000.0,210000.0
CAF,2006,170000.0,140000.0,200000.0
CAF,2007,160000.0,140000.0,200000.0
CAF,2008,160000.0,130000.0,200000.0
CAF,2009,150000.0,130000.0,180000.0
CAF,2010,150000.0,120000.0,180000.0
CAF,2011,140000.0,120000.0,170000.0
CAF,2012,140000.0,110000.0,160000.0
CAF,2013,130000.0,110000.0,160000.0
CAF,2014,120000.0,98000.0,140000.0
CAF,2015,120000.0,95000.0,140000.0
CAF,2016,110000.0,92000.0,140000.0
CAF,2017,110000.0,89000.0,140000.0
CAF,2018,110000.0,86000.0,130000.0
CAF,2019,110000.0,83000.0,130000.0
CAF,2020,100000.0,81000.0,130000.0
CAF,2021,100000.0,78000.0,130000.0
CAF,2022,97000.0,74000.0,130000.0
CAF,2023,97000.0,73000.0,130000.0
CAF,2024,97000.0,71000.0,130000.0
CAF,2025,96000.0,70000.0,140000.0
CAN,2000,37000.0,31000.0,42000.0
CAN,2001,38000.0,32000.0,43000.0
CAN,2002,39000.0,33000.0,45000.0
CAN,2003,41000.0,34000.0,46000.0
CAN,2004,42000.0,35000.0,48000.0
CAN,2005,43000.0,36000.0,49000.0
CAN,2006,44000.0,37000.0,50000.0
CAN,2007,45000.0,38000.0,51000.0
CAN,2008,46000.0,39000.0,52000.0
CAN,2009,47000.0,40000.0,53000.0
CAN,2010,49000.0,41000.0,55000.0
CAN,2011,50000.0,42000.0,56000.0
CAN,2012,51000.0,43000.0,57000.0
CAN,2013,52000.0,44000.0,59000.0
CAN,2014,54000.0,45000.0,60000.0
CAN,2015,55000.0,46000.0,62000.0
CAN,2016,57000.0,47000.0,64000.0
CAN,2017,58000.0,48000.0,66000.0
CAN,2018,60000.0,50000.0,68000.0
CAN,2019,62000.0,51000.0,70000.0
CAN,2020,63000.0,52000.0,72000.0
CAN,2021,64000.0,53000.0,73000.0
CAN,2022,66000.0,55000.0,75000.0
CHE,2000,9400.0,8400.0,10000.0
CHE,2001,9800.0,8700.0,11000.0
CHE,2002,10000.0,9100.0,11000.0
CHE,2003,11000.0,9400.0,11000.0
CHE,2004,11000.0,9700.0,12000.0
CHE,2005,11000.0,10000.0,12000.0
CHE,2006,12000.0,10000.0,13000.0
CHE,2007,12000.0,11000.0,13000.0
CHE,2008,13000.0,11000.0,14000.0
CHE,2009,13000.0,12000.0,14000.0
CHE,2010,14000.0,12000.0,15000.0
CHE,2011,14000.0,12000.0,16000.0
CHE,2012,15000.0,13000.0,16000.0
CHE,2013,15000.0,13000.0,17000.0
CHE,2014,16000.0,14000.0,17000.0
CHE,2015,16000.0,14000.0,18000.0
CHE,2016,16000.0,14000.0,18000.0
CHE,2017,17000.0,14000.0,19000.0
CHE,2018,17000.0,15000.0,19000.0
CHE,2019,17000.0,15000.0,19000.0
CHE,2020,17000.0,15000.0,20000.0
CHE,2021,18000.0,15000.0,20000.0
CHE,2022,18000.0,15000.0,20000.0
CHE,2023,18000.0,15000.0,20000.0
CHE,2024,18000.0,15000.0,21000.0
CHE,2025,18000.0,15000.0,21000.0
CHL,2000,16000.0,14000.0,17000.0
CHL,2001,17000.0,15000.0,19000.0
CHL,2002,19000.0,17000.0,20000.0
CHL,2003,21000.0,19000.0,22000.0
CHL,2004,23000.0,21000.0,25000.0
CHL,2005,25000.0,22000.0,27000.0
CHL,2006,28000.0,24000.0,29000.0
CHL,2007,30000.0,27000.0,32000.0
CHL,2008,32000.0,29000.0,35000.0
CHL,2009,35000.0,31000.0,37000.0
CHL,2010,37000.0,33000.0,40000.0
CHL,2011,40000.0,35000.0,43000.0
CHL,2012,42000.0,38000.0,46000.0
CHL,2013,45000.0,40000.0,49000.0
CHL,2014,48000.0,42000.0,52000.0
CHL,2015,51000.0,45000.0,55000.0
CHL,2016,54000.0,47000.0,58000.0
CHL,2017,57000.0,51000.0,62000.0
CHL,2018,62000.0,55000.0,67000.0
CHL,2019,66000.0,59000.0,72000.0
CHL,2020,71000.0,63000.0,77000.0
CHL,2021,75000.0,68000.0,82000.0
CHL,2022,80000.0,72000.0,87000.0
CHL,2023,85000.0,76000.0,92000.0
CHL,2024,89000.0,80000.0,97000.0
CHL,2025,93000.0,84000.0,100000.0
CMR,2000,400000.0,370000.0,440000.0
CMR,2001,430000.0,400000.0,470000.0
CMR,2002,450000.0,420000.0,490000.0
CMR,2003,470000.0,430000.0,510000.0
CMR,2004,480000.0,450000.0,520000.0
CMR,2005,490000.0,460000.0,530000.0
CMR,2006,500000.0,470000.0,540000.0
CMR,2007,510000.0,480000.0,550000.0
CMR,2008,520000.0,490000.0,560000.0
CMR,2009,530000.0,490000.0,570000.0
CMR,2010,530000.0,500000.0,580000.0
CMR,2011,530000.0,500000.0,580000.0
CMR,2012,530000.0,500000.0,580000.0
CMR,2013,530000.0,500000.0,580000.0
CMR,2014,530000.0,500000.0,580000.0
CMR,2015,520000.0,490000.0,570000.0
CMR,2016,520000.0,490000.0,570000.0
CMR,2017,520000.0,490000.0,570000.0
CMR,2018,510000.0,480000.0,570000.0
CMR,2019,510000.0,490000.0,570000.0
CMR,2020,520000.0,490000.0,570000.0
CMR,2021,520000.0,490000.0,570000.0
CMR,2022,520000.0,490000.0,580000.0
CMR,2023,530000.0,500000.0,590000.0
CMR,2024,530000.0,500000.0,590000.0
CMR,2025,540000.0,510000.0,600000.0
COD,2000,650000.0,520000.0,810000.0
COD,2001,650000.0,520000.0,810000.0
COD,2002,640000.0,520000.0,800000.0
COD,2003,630000.0,520000.0,780000.0
COD,2004,630000.0,510000.0,770000.0
COD,2005,610000.0,510000.0,760000.0
COD,2006,610000.0,500000.0,740000.0
COD,2007,600000.0,500000.0,730000.0
COD,2008,590000.0,490000.0,710000.0
COD,2009,570000.0,480000.0,700000.0
COD,2010,570000.0,470000.0,680000.0
COD,2011,560000.0,470000.0,670000.0
COD,2012,550000.0,460000.0,650000.0
COD,2013,540000.0,460000.0,650000.0
COD,2014,540000.0,460000.0,640000.0
COD,2015,530000.0,450000.0,640000.0
COD,2016,530000.0,450000.0,630000.0
COD,2017,530000.0,450000.0,630000.0
COD,2018,530000.0,450000.0,640000.0
COD,2019,530000.0,450000.0,640000.0
COD,2020,540000.0,460000.0,650000.0
COD,2021,540000.0,460000.0,660000.0
COD,2022,550000.0,470000.0,680000.0
COD,2023,560000.0,470000.0,690000.0
COD,2024,570000.0,470000.0,700000.0
COD,2025,570000.0,470000.0,710000.0
COG,2000,88000.0,75000.0,100000.0
COG,2001,87000.0,75000.0,100000.0
COG,2002,86000.0,74000.0,99000.0
COG,2003,87000.0,75000.0,98000.0
COG,2004,87000.0,76000.0,97000.0
COG,2005,87000.0,77000.0,98000.0
COG,2006,88000.0,79000.0,98000.0
COG,2007,89000.0,79000.0,98000.0
COG,2008,90000.0,80000.0,99000.0
COG,2009,94000.0,82000.0,100000.0
COG,2010,96000.0,83000.0,110000.0
COG,2011,98000.0,84000.0,110000.0
COG,2012,99000.0,85000.0,110000.0
COG,2013,100000.0,85000.0,110000.0
COG,2014,100000.0,86000.0,110000.0
COG,2015,100000.0,87000.0,110000.0
COG,2016,100000.0,88000.0,120000.0
COG,2017,110000.0,90000.0,120000.0
COG,2018,110000.0,92000.0,120000.0
COG,2019,110000.0,94000.0,130000.0
COG,2020,110000.0,95000.0,130000.0
COG,2021,120000.0,97000.0,140000.0
COG,2022,120000.0,99000.0,150000.0
COG,2023,120000.0,100000.0,150000.0
COG,2024,130000.0,100000.0,160000.0
COG,2025,130000.0,100000.0,170000.0
COL,2000,130000.0,100000.0,160000.0
COL,2001,130000.0,110000.0,170000.0
COL,2002,140000.0,110000.0,170000.0
COL,2003,140000.0,120000.0,170000.0
COL,2004,140000.0,120000.0,180000.0
COL,2005,150000.0,120000.0,180000.0
COL,2006,150000.0,130000.0,180000.0
COL,2007,150000.0,130000.0,180000.0
COL,2008,160000.0,130000.0,190000.0
COL,2009,160000.0,130000.0,190000.0
COL,2010,160000.0,130000.0,190000.0
COL,2011,160000.0,140000.0,190000.0
COL,2012,160000.0,140000.0,190000.0
COL,2013,170000.0,140000.0,200000.0
COL,2014,170000.0,150000.0,200000.0
COL,2015,170000.0,150000.0,210000.0
COL,2016,180000.0,150000.0,220000.0
COL,2017,180000.0,160000.0,220000.0
COL,2018,190000.0,160000.0,230000.0
COL,2019,200000.0,170000.0,250000.0
COL,2020,210000.0,170000.0,260000.0
COL,2021,210000.0,180000.0,270000.0
COL,2022,220000.0,180000.0,280000.0
COL,2023,230000.0,180000.0,290000.0
COL,2024,230000.0,190000.0,310000.0
COL,2025,240000.0,190000.0,320000.0
COM,2000,100.0,100.0,100.0
COM,2001,100.0,100.0,200.0
COM,2002,100.0,100.0,200.0
COM,2003,100.0,100.0,200.0
COM,2004,100.0,100.0,200.0
COM,2005,100.0,100.0,200.0
COM,2006,100.0,100.0,200.0
COM,2007,100.0,100.0,200.0
COM,2008,100.0,100.0,500.0
COM,2009,200.0,100.0,500.0
COM,2010,200.0,100.0,500.0
COM,2011,200.0,100.0,500.0
COM,2012,200.0,100.0,500.0
COM,2013,200.0,100.0,500.0
COM,2014,200.0,100.0,500.0
COM,2015,200.0,100.0,500.0
COM,2016,200.0,100.0,500.0
COM,2017,500.0,200.0,500.0
COM,2018,500.0,200.0,500.0
COM,2019,500.0,200.0,560.0
COM,2020,500.0,200.0,620.0
COM,2021,500.0,200.0,680.0
COM,2022,500.0,200.0,740.0
COM,2023,500.0,200.0,790.0
COM,2024,500.0,200.0,840.0
COM,2025,500.0,200.0,910.0
CPV,2000,1800.0,1400.0,2200.0
CPV,2001,1800.0,1500.0,2200.0
CPV,2002,1900.0,1600.0,2300.0
CPV,2003,1900.0,1600.0,2400.0
CPV,2004,2000.0,1700.0,2400.0
CPV,2005,2100.0,1800.0,2500.0
CPV,2006,2100.0,1800.0,2600.0
CPV,2007,2200.0,1900.0,2600.0
CPV,2008,2300.0,2000.0,2700.0
CPV,2009,2400.0,2100.0,2800.0
CPV,2010,2500.0,2200.0,2900.0
CPV,2011,2600.0,2300.0,2900.0
CPV,2012,2600.0,2400.0,3000.0
CPV,2013,2700.0,2400.0,3100.0
CPV,2014,2800.0,2500.0,3200.0
CPV,2015,2900.0,2600.0,3400.0
CPV,2016,3000.0,2700.0,3500.0
CPV,2017,3100.0,2800.0,3600.0
CPV,2018,3200.0,2800.0,3700.0
CPV,2019,3300.0,2900.0,3800.0
CPV,2020,3400.0,2900.0,3900.0
CPV,2021,3500.0,3000.0,4100.0
CPV,2022,3600.0,3100.0,4200.0
CPV,2023,3700.0,3100.0,4400.0
CPV,2024,3800.0,3200.0,4600.0
CPV,2025,3900.0,3300.0,4800.0
CRI,2000,3400.0,3000.0,3700.0
CRI,2001,3800.0,3400.0,4100.0
CRI,2002,4200.0,3800.0,4600.0
CRI,2003,4700.0,4200.0,5100.0
CRI,2004,5300.0,4800.0,5700.0
CRI,2005,5900.0,5300.0,6400.0
CRI,2006,6500.0,5900.0,7000.0
CRI,2007,7200.0,6500.0,7800.0
CRI,2008,7900.0,7100.0,8500.0
CRI,2009,8700.0,7800.0,9300.0
CRI,2010,9500.0,8400.0,10000.0
CRI,2011,10000.0,9200.0,11000.0
CRI,2012,11000.0,10000.0,12000.0
CRI,2013,12000.0,11000.0,13000.0
CRI,2014,13000.0,12000.0,14000.0
CRI,2015,14000.0,12000.0,15000.0
CRI,2016,15000.0,13000.0,16000.0
CRI,2017,16000.0,14000.0,17000.0
CRI,2018,17000.0,15000.0,18000.0
CRI,2019,18000.0,16000.0,19000.0
CRI,2020,18000.0,16000.0,20000.0
CRI,2021,19000.0,17000.0,21000.0
CRI,2022,20000.0,18000.0,22000.0
CRI,2023,21000.0,19000.0,24000.0
CRI,2024,22000.0,20000.0,25000.0
CRI,2025,23000.0,21000.0,26000.0
CUB,2000,5000.0,3900.0,6100.0
CUB,2001,6300.0,5000.0,7600.0
CUB,2002,7800.0,6400.0,9300.0
CUB,2003,9400.0,7900.0,11000.0
CUB,2004,11000.0,9400.0,13000.0
CUB,2005,13000.0,11000.0,15000.0
CUB,2006,15000.0,13000.0,16000.0
CUB,2007,16000.0,14000.0,18000.0
CUB,2008,18000.0,16000.0,20000.0
CUB,2009,20000.0,17000.0,22000.0
CUB,2010,21000.0,19000.0,23000.0
CUB,2011,23000.0,20000.0,25000.0
CUB,2012,24000.0,21000.0,27000.0
CUB,2013,26000.0,23000.0,28000.0
CUB,2014,27000.0,24000.0,30000.0
CUB,2015,29000.0,25000.0,32000.0
CUB,2016,30000.0,27000.0,34000.0
CUB,2017,32000.0,28000.0,35000.0
CUB,2018,33000.0,29000.0,37000.0
CUB,2019,35000.0,30000.0,38000.0
CUB,2020,36000.0,31000.0,40000.0
CUB,2021,37000.0,32000.0,41000.0
CUB,2022,39000.0,33000.0,43000.0
CUB,2023,40000.0,34000.0,44000.0
CUB,2024,41000.0,35000.0,45000.0
CUB,2025,42000.0,36000.0,46000.0
DEU,2010,65000.0,56000.0,72000.0
DEU,2011,67000.0,58000.0,74000.0
DEU,2012,70000.0,60000.0,77000.0
DEU,2013,72000.0,62000.0,79000.0
DEU,2014,75000.0,64000.0,82000.0
DEU,2015,77000.0,66000.0,85000.0
DEU,2016,80000.0,68000.0,88000.0
DEU,2017,82000.0,71000.0,91000.0
DEU,2018,84000.0,73000.0,93000.0
DEU,2019,86000.0,75000.0,96000.0
DEU,2020,88000.0,76000.0,97000.0
DEU,2021,89000.0,77000.0,99000.0
DEU,2022,92000.0,79000.0,100000.0
DEU,2023,94000.0,82000.0,100000.0
DEU,2024,97000.0,84000.0,110000.0
DJI,2000,15000.0,11000.0,19000.0
DJI,2001,15000.0,12000.0,20000.0
DJI,2002,15000.0,11000.0,20000.0
DJI,2003,15000.0,11000.0,20000.0
DJI,2004,14000.0,11000.0,20000.0
DJI,2005,14000.0,11000.0,19000.0
DJI,2006,14000.0,10000.0,19000.0
DJI,2007,13000.0,9900.0,19000.0
DJI,2008,13000.0,9500.0,18000.0
DJI,2009,13000.0,9100.0,18000.0
DJI,2010,12000.0,8600.0,17000.0
DJI,2011,12000.0,8300.0,17000.0
DJI,2012,11000.0,7900.0,16000.0
DJI,2013,11000.0,7500.0,16000.0
DJI,2014,10000.0,7200.0,15000.0
DJI,2015,9900.0,6900.0,15000.0
DJI,2016,9500.0,6600.0,14000.0
DJI,2017,9100.0,6300.0,14000.0
DJI,2018,8800.0,6000.0,13000.0
DJI,2019,8400.0,5800.0,13000.0
DJI,2020,8100.0,5600.0,12000.0
DJI,2021,7800.0,5500.0,12000.0
DJI,2022,7600.0,5400.0,12000.0
DJI,2023,7300.0,5200.0,11000.0
DJI,2024,7100.0,5100.0,11000.0
DJI,2025,6900.0,5000.0,11000.0
DNK,2000,4100.0,3600.0,4500.0
DNK,2001,4300.0,3700.0,4700.0
DNK,2002,4500.0,3900.0,4900.0
DNK,2003,4600.0,4000.0,5000.0
DNK,2004,4800.0,4200.0,5200.0
DNK,2005,4900.0,4300.0,5300.0
DNK,2006,5000.0,4400.0,5500.0
DNK,2007,5100.0,4400.0,5600.0
DNK,2008,5200.0,4500.0,5700.0
DNK,2009,5300.0,4600.0,5900.0
DNK,2010,5400.0,4700.0,6000.0
DNK,2011,5500.0,4700.0,6100.0
DNK,2012,5600.0,4800.0,6300.0
DNK,2013,5700.0,4900.0,6400.0
DNK,2014,5800.0,5000.0,6500.0
DNK,2015,5900.0,5100.0,6600.0
DNK,2016,5900.0,5100.0,6600.0
DNK,2017,6000.0,5100.0,6700.0
DNK,2018,6000.0,5200.0,6800.0
DNK,2019,6000.0,5200.0,6800.0
DNK,2020,6100.0,5200.0,6800.0
DNK,2021,6100.0,5200.0,6900.0
DNK,2022,6100.0,5300.0,6900.0
DNK,2023,6200.0,5300.0,7000.0
DNK,2024,6200.0,5300.0,7100.0
DOM,2000,76000.0,63000.0,89000.0
DOM,2001,76000.0,66000.0,90000.0
DOM,2002,77000.0,67000.0,89000.0
DOM,2003,77000.0,68000.0,88000.0
DOM,2004,76000.0,67000.0,87000.0
DOM,2005,76000.0,67000.0,86000.0
DOM,2006,75000.0,66000.0,85000.0
DOM,2007,75000.0,66000.0,85000.0
DOM,2008,75000.0,66000.0,85000.0
DOM,2009,75000.0,67000.0,85000.0
DOM,2010,75000.0,67000.0,85000.0
DOM,2011,75000.0,67000.0,85000.0
DOM,2012,75000.0,67000.0,86000.0
DOM,2013,75000.0,67000.0,86000.0
DOM,2014,75000.0,67000.0,86000.0
DOM,2015,76000.0,65000.0,86000.0
DOM,2016,76000.0,65000.0,87000.0
DOM,2017,77000.0,64000.0,87000.0
DOM,2018,77000.0,64000.0,89000.0
DOM,2019,79000.0,64000.0,91000.0
DOM,2020,80000.0,65000.0,92000.0
DOM,2021,82000.0,66000.0,94000.0
DOM,2022,83000.0,66000.0,96000.0
DOM,2023,85000.0,67000.0,98000.0
DOM,2024,86000.0,68000.0,100000.0
DOM,2025,88000.0,69000.0,100000.0
DZA,2000,2300.0,2200.0,2500.0
DZA,2001,2700.0,2600.0,2900.0
DZA,2002,3200.0,3000.0,3400.0
DZA,2003,3800.0,3600.0,4000.0
DZA,2004,4400.0,4200.0,4700.0
DZA,2005,5200.0,4900.0,5500.0
DZA,2006,6000.0,5700.0,6400.0
DZA,2007,7000.0,6600.0,7400.0
DZA,2008,8000.0,7500.0,8500.0
DZA,2009,9100.0,8500.0,9700.0
DZA,2010,10000.0,9300.0,11000.0
DZA,2011,11000.0,10000.0,12000.0
DZA,2012,12000.0,11000.0,12000.0
DZA,2013,12000.0,11000.0,13000.0
DZA,2014,13000.0,12000.0,14000.0
DZA,2015,14000.0,13000.0,14000.0
DZA,2016,14000.0,13000.0,15000.0
DZA,2017,15000.0,14000.0,16000.0
DZA,2018,16000.0,15000.0,17000.0
DZA,2019,18000.0,17000.0,19000.0
DZA,2020,19000.0,18000.0,20000.0
DZA,2021,21000.0,19000.0,22000.0
DZA,2022,22000.0,21000.0,24000.0
DZA,2023,24000.0,23000.0,26000.0
DZA,2024,27000.0,25000.0,28000.0
DZA,2025,29000.0,27000.0,31000.0
ECU,2000,25000.0,19000.0,32000.0
ECU,2001,26000.0,21000.0,33000.0
ECU,2002,28000.0,22000.0,34000.0
ECU,2003,29000.0,24000.0,35000.0
ECU,2004,30000.0,25000.0,36000.0
ECU,2005,31000.0,26000.0,37000.0
ECU,2006,32000.0,27000.0,37000.0
ECU,2007,33000.0,29000.0,38000.0
ECU,2008,34000.0,30000.0,39000.0
ECU,2009,36000.0,31000.0,41000.0
ECU,2010,37000.0,33000.0,42000.0
ECU,2011,39000.0,34000.0,43000.0
ECU,2012,40000.0,35000.0,45000.0
ECU,2013,41000.0,37000.0,46000.0
ECU,2014,42000.0,38000.0,48000.0
ECU,2015,43000.0,39000.0,49000.0
ECU,2016,45000.0,40000.0,50000.0
ECU,2017,46000.0,41000.0,51000.0
ECU,2018,47000.0,42000.0,53000.0
ECU,2019,49000.0,44000.0,55000.0
ECU,2020,50000.0,45000.0,56000.0
ECU,2021,51000.0,46000.0,57000.0
ECU,2022,52000.0,47000.0,59000.0
ECU,2023,54000.0,48000.0,61000.0
ECU,2024,55000.0,49000.0,62000.0
ECU,2025,56000.0,50000.0,64000.0
EGY,2000,14000.0,9600.0,21000.0
EGY,2001,15000.0,10000.0,22000.0
EGY,2002,15000.0,11000.0,22000.0
EGY,2003,16000.0,11000.0,22000.0
EGY,2004,16000.0,12000.0,23000.0
EGY,2005,17000.0,12000.0,23000.0
EGY,2006,18000.0,13000.0,23000.0
EGY,2007,18000.0,13000.0,24000.0
EGY,2008,19000.0,14000.0,24000.0
EGY,2009,20000.0,15000.0,25000.0
EGY,2010,21000.0,15000.0,27000.0
EGY,2011,22000.0,16000.0,29000.0
EGY,2012,23000.0,17000.0,31000.0
EGY,2013,25000.0,19000.0,33000.0
EGY,2014,26000.0,20000.0,36000.0
EGY,2015,28000.0,21000.0,38000.0
EGY,2016,30000.0,23000.0,41000.0
EGY,2017,32000.0,24000.0,43000.0
EGY,2018,35000.0,26000.0,47000.0
EGY,2019,37000.0,28000.0,51000.0
EGY,2020,40000.0,31000.0,55000.0
EGY,2021,44000.0,33000.0,60000.0
EGY,2022,48000.0,36000.0,65000.0
EGY,2023,52000.0,39000.0,70000.0
EGY,2024,56000.0,42000.0,77000.0
EGY,2025,61000.0,45000.0,83000.0
ERI,2000,26000.0,20000.0,34000.0
ERI,2001,26000.0,21000.0,35000.0
ERI,2002,26000.0,20000.0,34000.0
ERI,2003,26000.0,21000.0,34000.0
ERI,2004,25000.0,19000.0,32000.0
ERI,2005,24000.0,18000.0,30000.0
ERI,2006,22000.0,17000.0,27000.0
ERI,2007,21000.0,16000.0,26000.0
ERI,2008,20000.0,15000.0,25000.0
ERI,2009,19000.0,15000.0,23000.0
ERI,2010,18000.0,14000.0,22000.0
ERI,2011,17000.0,13000.0,21000.0
ERI,2012,16000.0,13000.0,20000.0
ERI,2013,16000.0,12000.0,19000.0
ERI,2014,15000.0,12000.0,18000.0
ERI,2015,14000.0,11000.0,17000.0
ERI,2016,13000.0,11000.0,16000.0
ERI,2017,13000.0,11000.0,16000.0
ERI,2018,13000.0,11000.0,16000.0
ERI,2019,13000.0,11000.0,15000.0
ERI,2020,12000.0,10000.0,15000.0
ERI,2021,12000.0,10000.0,15000.0
ERI,2022,12000.0,10000.0,15000.0
ERI,2023,12000.0,10000.0,15000.0
ERI,2024,12000.0,10000.0,15000.0
ERI,2025,12000.0,10000.0,15000.0
ESP,2000,110000.0,96000.0,120000.0
ESP,2001,110000.0,98000.0,120000.0
ESP,2002,110000.0,100000.0,120000.0
ESP,2003,120000.0,100000.0,120000.0
ESP,2004,120000.0,110000.0,130000.0
ESP,2005,120000.0,110000.0,130000.0
ESP,2006,120000.0,110000.0,130000.0
ESP,2007,130000.0,110000.0,140000.0
ESP,2008,130000.0,120000.0,140000.0
ESP,2009,130000.0,120000.0,140000.0
ESP,2010,130000.0,120000.0,150000.0
ESP,2011,140000.0,120000.0,150000.0
ESP,2012,140000.0,120000.0,150000.0
ESP,2013,140000.0,120000.0,150000.0
ESP,2014,140000.0,120000.0,150000.0
ESP,2015,140000.0,120000.0,150000.0
ESP,2016,140000.0,120000.0,160000.0
ESP,2017,140000.0,120000.0,160000.0
ESP,2018,150000.0,130000.0,160000.0
ESP,2019,150000.0,130000.0,160000.0
ESP,2020,150000.0,130000.0,170000.0
ESP,2021,150000.0,130000.0,170000.0
ESP,2022,150000.0,130000.0,170000.0
ESP,2023,150000.0,130000.0,170000.0
ESP,2024,160000.0,130000.0,180000.0
ESP,2025,160000.0,130000.0,180000.0
EST,2000,500.0,500.0,620.0
EST,2001,1400.0,1000.0,1800.0
EST,2002,2500.0,2100.0,3000.0
EST,2003,3500.0,2900.0,4100.0
EST,2004,4200.0,3600.0,4800.0
EST,2005,4800.0,4100.0,5400.0
EST,2006,5200.0,4500.0,5800.0
EST,2007,5500.0,4800.0,6100.0
EST,2008,5800.0,5000.0,6300.0
EST,2009,6000.0,5200.0,6500.0
EST,2010,6100.0,5300.0,6600.0
EST,2011,6200.0,5500.0,6700.0
EST,2012,6200.0,5500.0,6700.0
EST,2013,6300.0,5600.0,6700.0
EST,2014,6300.0,5600.0,6800.0
EST,2015,6400.0,5700.0,6900.0
EST,2016,6400.0,5700.0,6900.0
EST,2017,6500.0,5800.0,7100.0
EST,2018,6500.0,5800.0,7200.0
EST,2019,6600.0,5900.0,7400.0
EST,2020,6600.0,5900.0,7500.0
EST,2021,6600.0,5900.0,7600.0
EST,2022,6700.0,6000.0,7800.0
EST,2023,6700.0,6000.0,7900.0
EST,2024,6700.0,5900.0,8000.0
EST,2025,6600.0,5800.0,8000.0
ETH,2000,1200000.0,1000000.0,1500000.0
ETH,2001,1200000.0,980000.0,1400000.0
ETH,2002,1100000.0,940000.0,1300000.0
ETH,2003,1100000.0,900000.0,1300000.0
ETH,2004,1000000.0,850000.0,1200000.0
ETH,2005,960000.0,810000.0,1200000.0
ETH,2006,910000.0,770000.0,1100000.0
ETH,2007,880000.0,740000.0,1100000.0
ETH,2008,850000.0,720000.0,1000000.0
ETH,2009,830000.0,700000.0,1000000.0
ETH,2010,820000.0,690000.0,980000.0
ETH,2011,800000.0,680000.0,970000.0
ETH,2012,790000.0,670000.0,950000.0
ETH,2013,780000.0,660000.0,940000.0
ETH,2014,770000.0,650000.0,930000.0
ETH,2015,760000.0,640000.0,910000.0
ETH,2016,750000.0,630000.0,900000.0
ETH,2017,740000.0,620000.0,890000.0
ETH,2018,730000.0,610000.0,870000.0
ETH,2019,720000.0,600000.0,860000.0
ETH,2020,700000.0,590000.0,850000.0
ETH,2021,700000.0,590000.0,840000.0
ETH,2022,690000.0,580000.0,830000.0
ETH,2023,680000.0,570000.0,820000.0
ETH,2024,670000.0,560000.0,810000.0
ETH,2025,660000.0,560000.0,790000.0
FJI,2000,100.0,100.0,500.0
FJI,2001,200.0,100.0,500.0
FJI,2002,200.0,200.0,500.0
FJI,2003,200.0,200.0,500.0
FJI,2004,500.0,200.0,500.0
FJI,2005,500.0,500.0,500.0
FJI,2006,500.0,500.0,550.0
FJI,2007,500.0,500.0,680.0
FJI,2008,500.0,500.0,760.0
FJI,2009,560.0,500.0,830.0
FJI,2010,670.0,580.0,940.0
FJI,2011,800.0,700.0,1100.0
FJI,2012,950.0,840.0,1300.0
FJI,2013,1100.0,990.0,1500.0
FJI,2014,1400.0,1200.0,1700.0
FJI,2015,1600.0,1400.0,2000.0
FJI,2016,1900.0,1600.0,2300.0
FJI,2017,2300.0,1900.0,2800.0
FJI,2018,2700.0,2300.0,3300.0
FJI,2019,3200.0,2700.0,3900.0
FJI,2020,3800.0,3200.0,4600.0
FJI,2021,4500.0,3800.0,5500.0
FJI,2022,5400.0,4500.0,6600.0
FJI,2023,6400.0,5300.0,8000.0
FJI,2024,7700.0,6100.0,9700.0
FJI,2025,9100.0,7200.0,12000.0
FRA,2000,76000.0,66000.0,86000.0
FRA,2001,81000.0,71000.0,92000.0
FRA,2002,87000.0,75000.0,99000.0
FRA,2003,92000.0,80000.0,100000.0
FRA,2004,97000.0,84000.0,110000.0
FRA,2005,100000.0,89000.0,120000.0
FRA,2006,110000.0,93000.0,120000.0
FRA,2007,110000.0,98000.0,130000.0
FRA,2008,120000.0,100000.0,130000.0
FRA,2009,120000.0,110000.0,140000.0
FRA,2010,130000.0,110000.0,140000.0
FRA,2011,130000.0,120000.0,150000.0
FRA,2012,140000.0,120000.0,150000.0
FRA,2013,140000.0,130000.0,160000.0
FRA,2014,150000.0,130000.0,160000.0
FRA,2015,150000.0,130000.0,170000.0
FRA,2016,160000.0,140000.0,170000.0
FRA,2017,160000.0,140000.0,180000.0
FRA,2018,170000.0,140000.0,180000.0
FRA,2019,170000.0,150000.0,190000.0
FRA,2020,170000.0,150000.0,190000.0
FRA,2021,180000.0,150000.0,200000.0
FRA,2022,180000.0,160000.0,200000.0
FRA,2023,180000.0,160000.0,200000.0
FRA,2024,190000.0,160000.0,210000.0
GAB,2000,33000.0,24000.0,45000.0
GAB,2001,35000.0,25000.0,46000.0
GAB,2002,36000.0,27000.0,47000.0
GAB,2003,37000.0,28000.0,47000.0
GAB,2004,38000.0,30000.0,47000.0
GAB,2005,39000.0,31000.0,48000.0
GAB,2006,40000.0,33000.0,49000.0
GAB,2007,41000.0,34000.0,49000.0
GAB,2008,42000.0,35000.0,50000.0
GAB,2009,44000.0,36000.0,51000.0
GAB,2010,45000.0,38000.0,52000.0
GAB,2011,46000.0,39000.0,53000.0
GAB,2012,47000.0,40000.0,54000.0
GAB,2013,48000.0,42000.0,55000.0
GAB,2014,49000.0,43000.0,56000.0
GAB,2015,50000.0,43000.0,57000.0
GAB,2016,50000.0,43000.0,57000.0
GAB,2017,50000.0,43000.0,58000.0
GAB,2018,51000.0,43000.0,58000.0
GAB,2019,50000.0,43000.0,59000.0
GAB,2020,50000.0,43000.0,59000.0
GAB,2021,50000.0,43000.0,59000.0
GAB,2022,50000.0,42000.0,59000.0
GAB,2023,50000.0,42000.0,59000.0
GAB,2024,50000.0,41000.0,59000.0
GAB,2025,50000.0,41000.0,60000.0
GBR,2016,100000.0,86000.0,120000.0
GBR,2017,100000.0,89000.0,120000.0
GBR,2018,110000.0,92000.0,120000.0
GBR,2019,110000.0,94000.0,130000.0
GBR,2020,110000.0,97000.0,130000.0
GBR,2021,110000.0,98000.0,130000.0
GBR,2022,120000.0,100000.0,130000.0
GBR,2023,120000.0,100000.0,140000.0
GBR,2024,120000.0,110000.0,140000.0
GEO,2000,1500.0,1100.0,3200.0
GEO,2001,1800.0,1300.0,3300.0
GEO,2002,2100.0,1600.0,3500.0
GEO,2003,2500.0,1900.0,3800.0
GEO,2004,3000.0,2300.0,4200.0
GEO,2005,3500.0,2600.0,4700.0
GEO,2006,4000.0,3000.0,5200.0
GEO,2007,4500.0,3300.0,5700.0
GEO,2008,5000.0,3600.0,6300.0
GEO,2009,5400.0,4000.0,6900.0
GEO,2010,5800.0,4300.0,7400.0
GEO,2011,6200.0,4600.0,8000.0
GEO,2012,6500.0,5000.0,8300.0
GEO,2013,6800.0,5300.0,8500.0
GEO,2014,7100.0,5500.0,8900.0
GEO,2015,7300.0,5800.0,9100.0
GEO,2016,7500.0,5900.0,9200.0
GEO,2017,7700.0,6100.0,9500.0
GEO,2018,7800.0,6100.0,9800.0
GEO,2019,8000.0,6200.0,10000.0
GEO,2020,8200.0,6300.0,11000.0
GEO,2021,8400.0,6400.0,11000.0
GEO,2022,8600.0,6600.0,11000.0
GEO,2023,8900.0,6700.0,12000.0
GEO,2024,9100.0,6800.0,12000.0
GEO,2025,9300.0,6900.0,12000.0
GHA,2000,300000.0,260000.0,340000.0
GHA,2001,300000.0,270000.0,350000.0
GHA,2002,310000.0,270000.0,350000.0
GHA,2003,310000.0,270000.0,350000.0
GHA,2004,310000.0,270000.0,350000.0
GHA,2005,310000.0,280000.0,360000.0
GHA,2006,310000.0,280000.0,360000.0
GHA,2007,310000.0,280000.0,360000.0
GHA,2008,310000.0,270000.0,360000.0
GHA,2009,310000.0,270000.0,360000.0
GHA,2010,310000.0,270000.0,360000.0
GHA,2011,310000.0,280000.0,360000.0
GHA,2012,320000.0,280000.0,360000.0
GHA,2013,320000.0,280000.0,370000.0
GHA,2014,320000.0,280000.0,370000.0
GHA,2015,330000.0,290000.0,370000.0
GHA,2016,330000.0,290000.0,380000.0
GHA,2017,330000.0,290000.0,380000.0
GHA,2018,330000.0,290000.0,380000.0
GHA,2019,330000.0,290000.0,380000.0
GHA,2020,330000.0,290000.0,390000.0
GHA,2021,340000.0,290000.0,390000.0
GHA,2022,340000.0,290000.0,390000.0
GHA,2023,340000.0,290000.0,390000.0
GHA,2024,340000.0,290000.0,390000.0
GHA,2025,340000.0,290000.0,400000.0
GIN,2000,67000.0,54000.0,85000.0
GIN,2001,71000.0,58000.0,89000.0
GIN,2002,76000.0,63000.0,93000.0
GIN,2003,80000.0,68000.0,97000.0
GIN,2004,84000.0,72000.0,100000.0
GIN,2005,87000.0,75000.0,100000.0
GIN,2006,90000.0,79000.0,110000.0
GIN,2007,94000.0,82000.0,110000.0
GIN,2008,98000.0,86000.0,120000.0
GIN,2009,100000.0,90000.0,120000.0
GIN,2010,110000.0,94000.0,120000.0
GIN,2011,110000.0,97000.0,130000.0
GIN,2012,110000.0,100000.0,130000.0
GIN,2013,120000.0,100000.0,130000.0
GIN,2014,120000.0,100000.0,130000.0
GIN,2015,120000.0,110000.0,140000.0
GIN,2016,120000.0,110000.0,140000.0
GIN,2017,130000.0,110000.0,140000.0
GIN,2018,130000.0,110000.0,150000.0
GIN,2019,130000.0,110000.0,150000.0
GIN,2020,130000.0,110000.0,150000.0
GIN,2021,130000.0,110000.0,150000.0
GIN,2022,130000.0,110000.0,150000.0
GIN,2023,130000.0,110000.0,160000.0
GIN,2024,130000.0,110000.0,160000.0
GIN,2025,130000.0,110000.0,160000.0
GMB,2000,11000.0,8300.0,14000.0
GMB,2001,12000.0,9400.0,16000.0
GMB,2002,13000.0,11000.0,18000.0
GMB,2003,15000.0,11000.0,19000.0
GMB,2004,16000.0,12000.0,20000.0
GMB,2005,16000.0,13000.0,21000.0
GMB,2006,17000.0,14000.0,23000.0
GMB,2007,18000.0,15000.0,24000.0
GMB,2008,19000.0,15000.0,24000.0
GMB,2009,19000.0,16000.0,25000.0
GMB,2010,20000.0,16000.0,26000.0
GMB,2011,21000.0,17000.0,26000.0
GMB,2012,21000.0,17000.0,27000.0
GMB,2013,22000.0,18000.0,28000.0
GMB,2014,22000.0,18000.0,28000.0
GMB,2015,23000.0,19000.0,29000.0
GMB,2016,23000.0,19000.0,29000.0
GMB,2017,23000.0,19000.0,29000.0
GMB,2018,23000.0,19000.0,29000.0
GMB,2019,23000.0,19000.0,29000.0
GMB,2020,24000.0,19000.0,29000.0
GMB,2021,23000.0,19000.0,30000.0
GMB,2022,23000.0,19000.0,30000.0
GMB,2023,23000.0,19000.0,30000.0
GMB,2024,24000.0,19000.0,30000.0
GMB,2025,24000.0,19000.0,30000.0
GNB,2000,25000.0,22000.0,29000.0
GNB,2001,28000.0,25000.0,32000.0
GNB,2002,30000.0,27000.0,35000.0
GNB,2003,32000.0,29000.0,37000.0
GNB,2004,34000.0,31000.0,38000.0
GNB,2005,34000.0,31000.0,39000.0
GNB,2006,35000.0,32000.0,39000.0
GNB,2007,36000.0,33000.0,40000.0
GNB,2008,36000.0,33000.0,40000.0
GNB,2009,37000.0,33000.0,41000.0
GNB,2010,37000.0,34000.0,41000.0
GNB,2011,37000.0,34000.0,41000.0
GNB,2012,38000.0,34000.0,41000.0
GNB,2013,37000.0,34000.0,41000.0
GNB,2014,37000.0,33000.0,41000.0
GNB,2015,37000.0,33000.0,41000.0
GNB,2016,37000.0,33000.0,41000.0
GNB,2017,37000.0,33000.0,41000.0
GNB,2018,36000.0,32000.0,41000.0
GNB,2019,36000.0,32000.0,41000.0
GNB,2020,36000.0,32000.0,41000.0
GNB,2021,36000.0,32000.0,41000.0
GNB,2022,36000.0,31000.0,41000.0
GNB,2023,36000.0,31000.0,41000.0
GNB,2024,35000.0,31000.0,41000.0
GNB,2025,35000.0,31000.0,41000.0
GRC,2000,4400.0,3700.0,5000.0
GRC,2001,4800.0,4000.0,5400.0
GRC,2002,5100.0,4300.0,5800.0
GRC,2003,5500.0,4700.0,6200.0
GRC,2004,5900.0,5000.0,6600.0
GRC,2005,6400.0,5400.0,7100.0
GRC,2006,6900.0,5800.0,7600.0
GRC,2007,7300.0,6200.0,8200.0
GRC,2008,7900.0,6600.0,8700.0
GRC,2009,8400.0,7000.0,9300.0
GRC,2010,8900.0,7500.0,9900.0
GRC,2011,9500.0,7900.0,11000.0
GRC,2012,10000.0,8400.0,11000.0
GRC,2013,11000.0,8800.0,12000.0
GRC,2014,11000.0,9300.0,12000.0
GRC,2015,12000.0,9800.0,13000.0
GRC,2016,12000.0,10000.0,14000.0
GRC,2017,13000.0,11000.0,14000.0
GRC,2018,13000.0,11000.0,15000.0
GRC,2019,14000.0,12000.0,16000.0
GRC,2020,15000.0,12000.0,16000.0
GRC,2021,15000.0,12000.0,17000.0
GRC,2022,16000.0,13000.0,18000.0
GRC,2023,16000.0,13000.0,18000.0
GRC,2024,17000.0,14000.0,19000.0
GRC,2025,17000.0,14000.0,19000.0
GUY,2000,4100.0,2700.0,6300.0
GUY,2001,4400.0,3000.0,7000.0
GUY,2002,4700.0,3300.0,7700.0
GUY,2003,5100.0,3600.0,8500.0
GUY,2004,5300.0,3900.0,9000.0
GUY,2005,5600.0,4200.0,9700.0
GUY,2006,5900.0,4400.0,10000.0
GUY,2007,6200.0,4600.0,11000.0
GUY,2008,6500.0,4800.0,11000.0
GUY,2009,6800.0,5000.0,12000.0
GUY,2010,7000.0,5200.0,12000.0
GUY,2011,7300.0,5400.0,13000.0
GUY,2012,7500.0,5500.0,13000.0
GUY,2013,7700.0,5600.0,14000.0
GUY,2014,8000.0,5700.0,14000.0
GUY,2015,8200.0,5800.0,15000.0
GUY,2016,8400.0,6000.0,15000.0
GUY,2017,8600.0,6100.0,15000.0
GUY,2018,9200.0,6600.0,16000.0
GUY,2019,9300.0,6700.0,16000.0
GUY,2020,9500.0,6900.0,17000.0
GUY,2021,9700.0,7100.0,17000.0
GUY,2022,9900.0,7300.0,17000.0
GUY,2023,10000.0,7500.0,17000.0
GUY,2024,10000.0,7700.0,17000.0
GUY,2025,11000.0,7900.0,17000.0
HND,2000,32000.0,28000.0,37000.0
HND,2001,32000.0,28000.0,37000.0
HND,2002,31000.0,28000.0,36000.0
HND,2003,31000.0,28000.0,35000.0
HND,2004,30000.0,27000.0,33000.0
HND,2005,29000.0,27000.0,32000.0
HND,2006,28000.0,26000.0,31000.0
HND,2007,27000.0,25000.0,30000.0
HND,2008,26000.0,24000.0,29000.0
HND,2009,25000.0,23000.0,28000.0
HND,2010,24000.0,23000.0,27000.0
HND,2011,24000.0,22000.0,26000.0
HND,2012,23000.0,21000.0,25000.0
HND,2013,22000.0,20000.0,24000.0
HND,2014,21000.0,20000.0,23000.0
HND,2015,21000.0,19000.0,23000.0
HND,2016,20000.0,19000.0,22000.0
HND,2017,20000.0,18000.0,22000.0
HND,2018,20000.0,18000.0,22000.0
HND,2019,19000.0,18000.0,21000.0
HND,2020,19000.0,17000.0,21000.0
HND,2021,19000.0,17000.0,21000.0
HND,2022,19000.0,17000.0,21000.0
HND,2023,19000.0,17000.0,21000.0
HND,2024,19000.0,17000.0,21000.0
HND,2025,19000.0,17000.0,21000.0
HTI,2000,140000.0,120000.0,170000.0
HTI,2001,140000.0,120000.0,160000.0
HTI,2002,140000.0,120000.0,160000.0
HTI,2003,140000.0,120000.0,160000.0
HTI,2004,140000.0,120000.0,160000.0
HTI,2005,130000.0,120000.0,150000.0
HTI,2006,130000.0,120000.0,150000.0
HTI,2007,130000.0,120000.0,150000.0
HTI,2008,130000.0,120000.0,150000.0
HTI,2009,130000.0,120000.0,150000.0
HTI,2010,130000.0,120000.0,140000.0
HTI,2011,130000.0,120000.0,140000.0
HTI,2012,130000.0,120000.0,140000.0
HTI,2013,130000.0,110000.0,140000.0
HTI,2014,130000.0,110000.0,140000.0
HTI,2015,130000.0,110000.0,140000.0
HTI,2016,130000.0,110000.0,140000.0
HTI,2017,130000.0,110000.0,140000.0
HTI,2018,130000.0,120000.0,140000.0
HTI,2019,130000.0,120000.0,150000.0
HTI,2020,130000.0,120000.0,150000.0
HTI,2021,140000.0,120000.0,160000.0
HTI,2022,140000.0,130000.0,160000.0
HTI,2023,140000.0,130000.0,160000.0
HTI,2024,140000.0,130000.0,170000.0
HTI,2025,150000.0,130000.0,170000.0
IDN,2000,42000.0,37000.0,47000.0
IDN,2001,74000.0,66000.0,82000.0
IDN,2002,110000.0,100000.0,130000.0
IDN,2003,150000.0,140000.0,170000.0
IDN,2004,190000.0,170000.0,210000.0
IDN,2005,230000.0,210000.0,260000.0
IDN,2006,280000.0,250000.0,300000.0
IDN,2007,310000.0,280000.0,350000.0
IDN,2008,350000.0,320000.0,380000.0
IDN,2009,380000.0,350000.0,420000.0
IDN,2010,420000.0,380000.0,460000.0
IDN,2011,450000.0,400000.0,490000.0
IDN,2012,470000.0,430000.0,520000.0
IDN,2013,490000.0,450000.0,540000.0
IDN,2014,510000.0,460000.0,560000.0
IDN,2015,520000.0,480000.0,570000.0
IDN,2016,540000.0,490000.0,580000.0
IDN,2017,540000.0,500000.0,590000.0
IDN,2018,550000.0,500000.0,600000.0
IDN,2019,560000.0,510000.0,600000.0
IDN,2020,560000.0,510000.0,610000.0
IDN,2021,560000.0,510000.0,610000.0
IDN,2022,560000.0,510000.0,610000.0
IDN,2023,560000.0,510000.0,610000.0
IDN,2024,560000.0,500000.0,610000.0
IDN,2025,560000.0,500000.0,610000.0
IND,2025,2600000.0,2100000.0,3100000.0
IRL,2000,2000.0,1700.0,2200.0
IRL,2001,2200.0,2000.0,2400.0
IRL,2002,2500.0,2200.0,2700.0
IRL,2003,2700.0,2400.0,3000.0
IRL,2004,3000.0,2600.0,3200.0
IRL,2005,3300.0,2900.0,3600.0
IRL,2006,3600.0,3200.0,3900.0
IRL,2007,3900.0,3500.0,4200.0
IRL,2008,4200.0,3700.0,4500.0
IRL,2009,4400.0,3900.0,4800.0
IRL,2010,4700.0,4200.0,5100.0
IRL,2011,5000.0,4400.0,5400.0
IRL,2012,5300.0,4700.0,5700.0
IRL,2013,5600.0,5000.0,6000.0
IRL,2014,5900.0,5200.0,6300.0
IRL,2015,6100.0,5400.0,6600.0
IRL,2016,6400.0,5700.0,6900.0
IRL,2017,6700.0,5900.0,7300.0
IRL,2018,7000.0,6200.0,7600.0
IRL,2019,7200.0,6400.0,7900.0
IRL,2020,7500.0,6600.0,8200.0
IRL,2021,7700.0,6800.0,8500.0
IRL,2022,8000.0,7000.0,8800.0
IRL,2023,8500.0,7400.0,9300.0
IRL,2024,9000.0,7900.0,9900.0
IRL,2025,9500.0,8300.0,10000.0
ISL,2000,200.0,100.0,200.0
ISL,2001,200.0,200.0,200.0
ISL,2002,200.0,200.0,200.0
ISL,2003,200.0,200.0,200.0
ISL,2004,200.0,200.0,200.0
ISL,2005,200.0,200.0,200.0
ISL,2006,200.0,200.0,500.0
ISL,2007,500.0,200.0,500.0
ISL,2008,500.0,200.0,500.0
ISL,2009,500.0,500.0,500.0
ISL,2010,500.0,500.0,500.0
ISL,2011,500.0,500.0,500.0
ISL,2012,500.0,500.0,500.0
ISL,2013,500.0,500.0,500.0
ISL,2014,500.0,500.0,500.0
ISL,2015,500.0,500.0,500.0
ISL,2016,500.0,500.0,500.0
ISL,2017,500.0,500.0,500.0
ISL,2018,500.0,500.0,500.0
ISL,2019,500.0,500.0,500.0
ISL,2020,500.0,500.0,500.0
ISL,2021,500.0,500.0,500.0
ISL,2022,500.0,500.0,500.0
ISL,2023,500.0,500.0,500.0
ISL,2024,500.0,500.0,500.0
ISL,2025,500.0,500.0,520.0
ITA,2000,65000.0,57000.0,71000.0
ITA,2001,69000.0,60000.0,75000.0
ITA,2002,72000.0,63000.0,79000.0
ITA,2003,77000.0,67000.0,83000.0
ITA,2004,81000.0,70000.0,88000.0
ITA,2005,85000.0,73000.0,93000.0
ITA,2006,88000.0,77000.0,97000.0
ITA,2007,93000.0,80000.0,100000.0
ITA,2008,97000.0,84000.0,110000.0
ITA,2009,100000.0,87000.0,110000.0
ITA,2010,100000.0,91000.0,120000.0
ITA,2011,110000.0,94000.0,120000.0
ITA,2012,110000.0,97000.0,120000.0
ITA,2013,120000.0,100000.0,130000.0
ITA,2014,120000.0,100000.0,130000.0
ITA,2015,120000.0,110000.0,140000.0
ITA,2016,130000.0,110000.0,140000.0
ITA,2017,130000.0,110000.0,140000.0
ITA,2018,130000.0,110000.0,150000.0
ITA,2019,140000.0,110000.0,150000.0
ITA,2020,140000.0,120000.0,150000.0
ITA,2021,140000.0,120000.0,160000.0
ITA,2022,140000.0,120000.0,160000.0
ITA,2023,150000.0,120000.0,160000.0
ITA,2024,150000.0,130000.0,170000.0
ITA,2025,150000.0,130000.0,170000.0
JAM,2000,29000.0,26000.0,32000.0
JAM,2001,29000.0,26000.0,32000.0
JAM,2002,30000.0,27000.0,33000.0
JAM,2003,30000.0,27000.0,32000.0
JAM,2004,30000.0,27000.0,32000.0
JAM,2005,30000.0,27000.0,32000.0
JAM,2006,29000.0,27000.0,32000.0
JAM,2007,29000.0,27000.0,32000.0
JAM,2008,29000.0,27000.0,32000.0
JAM,2009,29000.0,27000.0,32000.0
JAM,2010,29000.0,28000.0,32000.0
JAM,2011,29000.0,28000.0,32000.0
JAM,2012,29000.0,28000.0,32000.0
JAM,2013,29000.0,28000.0,32000.0
JAM,2014,29000.0,27000.0,32000.0
JAM,2015,29000.0,27000.0,32000.0
JAM,2016,29000.0,27000.0,32000.0
JAM,2017,29000.0,27000.0,31000.0
JAM,2018,29000.0,27000.0,31000.0
JAM,2019,29000.0,27000.0,31000.0
JAM,2020,29000.0,27000.0,31000.0
JAM,2021,29000.0,27000.0,31000.0
JAM,2022,28000.0,26000.0,31000.0
JAM,2023,28000.0,26000.0,31000.0
JAM,2024,28000.0,26000.0,31000.0
JAM,2025,28000.0,26000.0,31000.0
KAZ,2000,2300.0,2000.0,2600.0
KAZ,2001,3100.0,2800.0,3500.0
KAZ,2002,4000.0,3700.0,4500.0
KAZ,2003,5000.0,4600.0,5500.0
KAZ,2004,6100.0,5700.0,6700.0
KAZ,2005,7300.0,6700.0,7900.0
KAZ,2006,8600.0,8000.0,9300.0
KAZ,2007,10000.0,9300.0,11000.0
KAZ,2008,12000.0,11000.0,12000.0
KAZ,2009,13000.0,12000.0,14000.0
KAZ,2010,15000.0,14000.0,16000.0
KAZ,2011,17000.0,16000.0,18000.0
KAZ,2012,19000.0,18000.0,20000.0
KAZ,2013,21000.0,20000.0,23000.0
KAZ,2014,23000.0,22000.0,25000.0
KAZ,2015,26000.0,24000.0,27000.0
KAZ,2016,28000.0,26000.0,30000.0
KAZ,2017,30000.0,28000.0,32000.0
KAZ,2018,32000.0,29000.0,34000.0
KAZ,2019,33000.0,31000.0,36000.0
KAZ,2020,36000.0,33000.0,38000.0
KAZ,2021,37000.0,34000.0,40000.0
KAZ,2022,39000.0,36000.0,43000.0
KAZ,2023,41000.0,37000.0,45000.0
KAZ,2024,42000.0,38000.0,47000.0
KAZ,2025,44000.0,39000.0,49000.0
KEN,2000,1700000.0,1600000.0,1800000.0
KEN,2001,1600000.0,1500000.0,1800000.0
KEN,2002,1600000.0,1500000.0,1700000.0
KEN,2003,1600000.0,1500000.0,1700000.0
KEN,2004,1600000.0,1500000.0,1700000.0
KEN,2005,1500000.0,1400000.0,1600000.0
KEN,2006,1500000.0,1400000.0,1600000.0
KEN,2007,1500000.0,1400000.0,1600000.0
KEN,2008,1500000.0,1400000.0,1600000.0
KEN,2009,1500000.0,1400000.0,1600000.0
KEN,2010,1500000.0,1400000.0,1600000.0
KEN,2011,1500000.0,1400000.0,1600000.0
KEN,2012,1500000.0,1400000.0,1600000.0
KEN,2013,1500000.0,1400000.0,1700000.0
KEN,2014,1500000.0,1500000.0,1700000.0
KEN,2015,1500000.0,1500000.0,1700000.0
KEN,2016,1500000.0,1500000.0,1700000.0
KEN,2017,1500000.0,1500000.0,1700000.0
KEN,2018,1500000.0,1400000.0,1700000.0
KEN,2019,1500000.0,1400000.0,1700000.0
KEN,2020,1500000.0,1400000.0,1700000.0
KEN,2021,1500000.0,1400000.0,1700000.0
KEN,2022,1500000.0,1400000.0,1700000.0
KEN,2023,1500000.0,1400000.0,1700000.0
KEN,2024,1500000.0,1400000.0,1700000.0
KEN,2025,1500000.0,1400000.0,1700000.0
KGZ,2000,1500.0,1200.0,1700.0
KGZ,2001,1700.0,1400.0,1900.0
KGZ,2002,1900.0,1600.0,2100.0
KGZ,2003,2100.0,1800.0,2300.0
KGZ,2004,2300.0,2000.0,2600.0
KGZ,2005,2600.0,2300.0,2800.0
KGZ,2006,2800.0,2500.0,3100.0
KGZ,2007,3100.0,2800.0,3400.0
KGZ,2008,3500.0,3200.0,3800.0
KGZ,2009,3800.0,3500.0,4100.0
KGZ,2010,4200.0,3800.0,4500.0
KGZ,2011,4600.0,4200.0,4900.0
KGZ,2012,5100.0,4700.0,5400.0
KGZ,2013,5500.0,5200.0,5900.0
KGZ,2014,6100.0,5700.0,6500.0
KGZ,2015,6600.0,6200.0,7100.0
KGZ,2016,7200.0,6800.0,7800.0
KGZ,2017,7800.0,7400.0,8500.0
KGZ,2018,8500.0,8000.0,9200.0
KGZ,2019,9100.0,8600.0,10000.0
KGZ,2020,9800.0,9200.0,11000.0
KGZ,2021,10000.0,9900.0,11000.0
KGZ,2022,11000.0,11000.0,12000.0
KGZ,2023,12000.0,11000.0,13000.0
KGZ,2024,13000.0,12000.0,14000.0
KGZ,2025,14000.0,13000.0,15000.0
KHM,2000,77000.0,67000.0,88000.0
KHM,2001,79000.0,69000.0,90000.0
KHM,2002,81000.0,70000.0,91000.0
KHM,2003,81000.0,71000.0,92000.0
KHM,2004,81000.0,71000.0,91000.0
KHM,2005,81000.0,71000.0,91000.0
KHM,2006,81000.0,71000.0,91000.0
KHM,2007,81000.0,71000.0,91000.0
KHM,2008,81000.0,72000.0,91000.0
KHM,2009,81000.0,72000.0,91000.0
KHM,2010,81000.0,71000.0,92000.0
KHM,2011,82000.0,72000.0,92000.0
KHM,2012,82000.0,72000.0,92000.0
KHM,2013,81000.0,72000.0,92000.0
KHM,2014,81000.0,71000.0,91000.0
KHM,2015,80000.0,71000.0,91000.0
KHM,2016,80000.0,70000.0,90000.0
KHM,2017,79000.0,70000.0,90000.0
KHM,2018,79000.0,69000.0,90000.0
KHM,2019,79000.0,69000.0,90000.0
KHM,2020,78000.0,68000.0,89000.0
KHM,2021,78000.0,68000.0,89000.0
KHM,2022,78000.0,67000.0,89000.0
KHM,2023,78000.0,66000.0,89000.0
KHM,2024,77000.0,66000.0,88000.0
KHM,2025,76000.0,64000.0,87000.0
KNA,2000,200.0,100.0,200.0
KNA,2001,200.0,100.0,200.0
KNA,2002,200.0,100.0,200.0
KNA,2003,200.0,100.0,200.0
KNA,2004,200.0,200.0,200.0
KNA,2005,200.0,200.0,200.0
KNA,2006,200.0,200.0,200.0
KNA,2007,200.0,200.0,200.0
KNA,2008,200.0,200.0,200.0
KNA,2009,200.0,200.0,200.0
KNA,2010,200.0,200.0,200.0
KNA,2011,200.0,200.0,200.0
KNA,2012,200.0,200.0,200.0
KNA,2013,200.0,200.0,200.0
KNA,2014,200.0,200.0,500.0
KNA,2015,200.0,200.0,500.0
KNA,2016,200.0,200.0,500.0
KNA,2017,500.0,200.0,500.0
KNA,2018,500.0,200.0,500.0
KNA,2019,500.0,200.0,500.0
KNA,2020,500.0,200.0,500.0
KNA,2021,500.0,200.0,500.0
KNA,2022,500.0,200.0,500.0
KNA,2023,500.0,200.0,500.0
KNA,2024,500.0,200.0,500.0
KNA,2025,500.0,500.0,500.0
KWT,2000,200.0,200.0,200.0
KWT,2001,200.0,200.0,200.0
KWT,2002,200.0,200.0,200.0
KWT,2003,200.0,200.0,500.0
KWT,2004,200.0,200.0,500.0
KWT,2005,200.0,200.0,500.0
KWT,2006,500.0,200.0,500.0
KWT,2007,500.0,200.0,500.0
KWT,2008,500.0,200.0,500.0
KWT,2009,500.0,500.0,500.0
KWT,2010,500.0,500.0,500.0
KWT,2011,500.0,500.0,500.0
KWT,2012,500.0,500.0,500.0
KWT,2013,500.0,500.0,500.0
KWT,2014,500.0,500.0,500.0
KWT,2015,500.0,500.0,500.0
KWT,2016,500.0,500.0,520.0
KWT,2017,550.0,510.0,590.0
KWT,2018,640.0,590.0,680.0
KWT,2019,710.0,660.0,760.0
KWT,2020,760.0,710.0,810.0
KWT,2021,860.0,810.0,920.0
KWT,2022,1000.0,940.0,1100.0
KWT,2023,1200.0,1100.0,1300.0
KWT,2024,1400.0,1300.0,1500.0
KWT,2025,1700.0,1600.0,1800.0
LAO,2000,2400.0,2100.0,2600.0
LAO,2001,3100.0,2800.0,3400.0
LAO,2002,3800.0,3400.0,4200.0
LAO,2003,4500.0,4100.0,5000.0
LAO,2004,5200.0,4700.0,5700.0
LAO,2005,6000.0,5400.0,6600.0
LAO,2006,6800.0,6100.0,7400.0
LAO,2007,7600.0,6900.0,8400.0
LAO,2008,8500.0,7600.0,9300.0
LAO,2009,9400.0,8400.0,10000.0
LAO,2010,10000.0,9200.0,11000.0
LAO,2011,11000.0,10000.0,12000.0
LAO,2012,12000.0,11000.0,13000.0
LAO,2013,13000.0,11000.0,14000.0
LAO,2014,13000.0,12000.0,15000.0
LAO,2015,14000.0,13000.0,16000.0
LAO,2016,15000.0,14000.0,16000.0
LAO,2017,16000.0,14000.0,17000.0
LAO,2018,17000.0,15000.0,18000.0
LAO,2019,18000.0,16000.0,19000.0
LAO,2020,19000.0,17000.0,20000.0
LAO,2021,19000.0,18000.0,21000.0
LAO,2022,20000.0,18000.0,22000.0
LAO,2023,21000.0,19000.0,23000.0
LAO,2024,22000.0,20000.0,24000.0
LAO,2025,23000.0,20000.0,25000.0
LBN,2000,500.0,500.0,540.0
LBN,2001,530.0,500.0,590.0
LBN,2002,570.0,520.0,640.0
LBN,2003,630.0,570.0,700.0
LBN,2004,690.0,630.0,760.0
LBN,2005,750.0,690.0,830.0
LBN,2006,820.0,750.0,900.0
LBN,2007,890.0,810.0,970.0
LBN,2008,960.0,870.0,1100.0
LBN,2009,1000.0,940.0,1100.0
LBN,2010,1100.0,990.0,1200.0
LBN,2011,1200.0,1100.0,1300.0
LBN,2012,1300.0,1100.0,1400.0
LBN,2013,1500.0,1400.0,1700.0
LBN,2014,1700.0,1500.0,1900.0
LBN,2015,1700.0,1500.0,1900.0
LBN,2016,1700.0,1500.0,1900.0
LBN,2017,1700.0,1500.0,1900.0
LBN,2018,1700.0,1500.0,1900.0
LBN,2019,1700.0,1500.0,2000.0
LBN,2020,1900.0,1600.0,2200.0
LBN,2021,2100.0,1800.0,2400.0
LBN,2022,2300.0,1900.0,2700.0
LBN,2023,2600.0,2100.0,3000.0
LBN,2024,2800.0,2300.0,3200.0
LBN,2025,3100.0,2500.0,3600.0
LBR,2000,23000.0,19000.0,28000.0
LBR,2001,25000.0,21000.0,30000.0
LBR,2002,27000.0,23000.0,32000.0
LBR,2003,28000.0,24000.0,33000.0
LBR,2004,30000.0,26000.0,34000.0
LBR,2005,32000.0,28000.0,36000.0
LBR,2006,35000.0,31000.0,39000.0
LBR,2007,37000.0,33000.0,41000.0
LBR,2008,39000.0,36000.0,44000.0
LBR,2009,41000.0,37000.0,46000.0
LBR,2010,43000.0,39000.0,47000.0
LBR,2011,45000.0,42000.0,50000.0
LBR,2012,46000.0,42000.0,51000.0
LBR,2013,47000.0,43000.0,53000.0
LBR,2014,48000.0,43000.0,53000.0
LBR,2015,49000.0,43000.0,54000.0
LBR,2016,49000.0,43000.0,55000.0
LBR,2017,49000.0,43000.0,55000.0
LBR,2018,50000.0,43000.0,56000.0
LBR,2019,50000.0,43000.0,58000.0
LBR,2020,51000.0,44000.0,59000.0
LBR,2021,52000.0,44000.0,60000.0
LBR,2022,53000.0,45000.0,62000.0
LBR,2023,54000.0,45000.0,64000.0
LBR,2024,55000.0,45000.0,66000.0
LBR,2025,56000.0,46000.0,68000.0
LBY,2000,1000.0,880.0,1200.0
LBY,2001,1200.0,1100.0,1400.0
LBY,2002,1400.0,1300.0,1600.0
LBY,2003,1700.0,1500.0,1900.0
LBY,2004,1900.0,1700.0,2100.0
LBY,2005,2200.0,2000.0,2400.0
LBY,2006,2500.0,2300.0,2700.0
LBY,2007,2900.0,2600.0,3100.0
LBY,2008,3300.0,3000.0,3500.0
LBY,2009,3600.0,3400.0,3900.0
LBY,2010,4000.0,3700.0,4200.0
LBY,2011,3900.0,3700.0,4100.0
LBY,2012,4200.0,4000.0,4500.0
LBY,2013,4600.0,4300.0,4800.0
LBY,2014,4900.0,4600.0,5100.0
LBY,2015,5200.0,4800.0,5500.0
LBY,2016,5400.0,5100.0,5800.0
LBY,2017,5700.0,5400.0,6100.0
LBY,2018,6000.0,5600.0,6400.0
LBY,2019,6200.0,5800.0,6600.0
LBY,2020,6500.0,6000.0,6900.0
LBY,2021,6700.0,6200.0,7200.0
LBY,2022,6900.0,6300.0,7500.0
LBY,2023,7100.0,6400.0,7800.0
LBY,2024,7300.0,6600.0,8100.0
LBY,2025,7500.0,6700.0,8400.0
LCA,2000,500.0,200.0,500.0
LCA,2001,500.0,200.0,500.0
LCA,2002,500.0,500.0,500.0
LCA,2003,500.0,500.0,500.0
LCA,2004,500.0,500.0,500.0
LCA,2005,500.0,500.0,500.0
LCA,2006,500.0,500.0,500.0
LCA,2007,500.0,500.0,500.0
LCA,2008,500.0,500.0,500.0
LCA,2009,500.0,500.0,500.0
LCA,2010,500.0,500.0,500.0
LCA,2011,500.0,500.0,500.0
LCA,2012,500.0,500.0,500.0
LCA,2013,500.0,500.0,510.0
LCA,2014,500.0,500.0,530.0
LCA,2015,500.0,500.0,560.0
LCA,2016,520.0,500.0,580.0
LCA,2017,540.0,500.0,600.0
LCA,2018,560.0,500.0,620.0
LCA,2019,580.0,500.0,650.0
LCA,2020,600.0,520.0,670.0
LCA,2021,610.0,530.0,690.0
LCA,2022,620.0,530.0,700.0
LCA,2023,630.0,530.0,710.0
LCA,2024,630.0,540.0,720.0
LCA,2025,640.0,540.0,730.0
LKA,2000,2600.0,2200.0,2900.0
LKA,2001,3000.0,2600.0,3300.0
LKA,2002,3300.0,2900.0,3700.0
LKA,2003,3700.0,3300.0,4100.0
LKA,2004,4000.0,3500.0,4400.0
LKA,2005,4200.0,3800.0,4700.0
LKA,2006,4400.0,4000.0,4900.0
LKA,2007,4600.0,4100.0,5100.0
LKA,2008,4700.0,4200.0,5200.0
LKA,2009,4700.0,4200.0,5200.0
LKA,2010,4700.0,4300.0,5200.0
LKA,2011,4700.0,4200.0,5200.0
LKA,2012,4700.0,4200.0,5200.0
LKA,2013,4700.0,4200.0,5200.0
LKA,2014,4800.0,4300.0,5300.0
LKA,2015,4900.0,4400.0,5400.0
LKA,2016,5100.0,4600.0,5600.0
LKA,2017,5300.0,4700.0,5800.0
LKA,2018,5500.0,4900.0,6000.0
LKA,2019,5800.0,5200.0,6300.0
LKA,2020,6100.0,5500.0,6700.0
LKA,2021,6500.0,5800.0,7100.0
LKA,2022,6900.0,6200.0,7600.0
LKA,2023,7400.0,6700.0,8200.0
LKA,2024,8000.0,7200.0,8900.0
LKA,2025,8700.0,7800.0,9600.0
LSO,2000,230000.0,210000.0,250000.0
LSO,2001,240000.0,220000.0,260000.0
LSO,2002,240000.0,230000.0,270000.0
LSO,2003,250000.0,230000.0,280000.0
LSO,2004,260000.0,240000.0,280000.0
LSO,2005,260000.0,240000.0,280000.0
LSO,2006,260000.0,240000.0,290000.0
LSO,2007,270000.0,250000.0,300000.0
LSO,2008,280000.0,260000.0,300000.0
LSO,2009,280000.0,260000.0,310000.0
LSO,2010,290000.0,270000.0,320000.0
LSO,2011,290000.0,270000.0,330000.0
LSO,2012,300000.0,280000.0,330000.0
LSO,2013,300000.0,280000.0,330000.0
LSO,2014,300000.0,280000.0,340000.0
LSO,2015,300000.0,280000.0,340000.0
LSO,2016,300000.0,280000.0,340000.0
LSO,2017,290000.0,270000.0,330000.0
LSO,2018,290000.0,270000.0,330000.0
LSO,2019,280000.0,260000.0,320000.0
LSO,2020,280000.0,260000.0,310000.0
LSO,2021,270000.0,250000.0,310000.0
LSO,2022,270000.0,250000.0,300000.0
LSO,2023,260000.0,250000.0,300000.0
LSO,2024,260000.0,240000.0,290000.0
LSO,2025,260000.0,240000.0,290000.0
LTU,2000,1200.0,1100.0,1300.0
LTU,2001,1300.0,1200.0,1400.0
LTU,2002,1400.0,1300.0,1500.0
LTU,2003,1500.0,1300.0,1600.0
LTU,2004,1500.0,1400.0,1700.0
LTU,2005,1600.0,1500.0,1700.0
LTU,2006,1700.0,1600.0,1800.0
LTU,2007,1800.0,1600.0,1900.0
LTU,2008,1900.0,1700.0,2000.0
LTU,2009,1900.0,1800.0,2100.0
LTU,2010,1900.0,1800.0,2100.0
LTU,2011,2000.0,1900.0,2100.0
LTU,2012,2100.0,1900.0,2200.0
LTU,2013,2200.0,2100.0,2300.0
LTU,2014,2300.0,2200.0,2500.0
LTU,2015,2400.0,2200.0,2600.0
LTU,2016,2500.0,2300.0,2700.0
LTU,2017,2600.0,2400.0,2800.0
LTU,2018,2800.0,2500.0,3000.0
LTU,2019,2900.0,2700.0,3100.0
LTU,2020,3100.0,2900.0,3300.0
LTU,2021,3200.0,3000.0,3500.0
LTU,2022,3400.0,3100.0,3700.0
LTU,2023,3600.0,3300.0,3900.0
LTU,2024,3700.0,3400.0,4100.0
LTU,2025,3800.0,3400.0,4200.0
LUX,2000,500.0,500.0,500.0
LUX,2001,500.0,500.0,500.0
LUX,2002,500.0,500.0,500.0
LUX,2003,500.0,500.0,520.0
LUX,2004,500.0,500.0,550.0
LUX,2005,530.0,500.0,580.0
LUX,2006,570.0,500.0,620.0
LUX,2007,600.0,530.0,660.0
LUX,2008,650.0,570.0,710.0
LUX,2009,680.0,600.0,750.0
LUX,2010,730.0,650.0,810.0
LUX,2011,790.0,700.0,870.0
LUX,2012,840.0,750.0,930.0
LUX,2013,900.0,800.0,990.0
LUX,2014,940.0,830.0,1000.0
LUX,2015,990.0,880.0,1100.0
LUX,2016,1100.0,940.0,1200.0
LUX,2017,1100.0,980.0,1200.0
LUX,2018,1200.0,1000.0,1300.0
LUX,2019,1200.0,1100.0,1300.0
LUX,2020,1300.0,1100.0,1400.0
LUX,2021,1300.0,1200.0,1400.0
LUX,2022,1400.0,1300.0,1600.0
LUX,2023,1500.0,1400.0,1700.0
LUX,2024,1600.0,1400.0,1800.0
LUX,2025,1700.0,1500.0,1900.0
LVA,2000,3300.0,2600.0,4000.0
LVA,2001,3700.0,3100.0,4300.0
LVA,2002,4100.0,3500.0,4700.0
LVA,2003,4400.0,3900.0,4900.0
LVA,2004,4700.0,4100.0,5200.0
LVA,2005,5000.0,4400.0,5500.0
LVA,2006,5200.0,4700.0,5700.0
LVA,2007,5500.0,5000.0,5900.0
LVA,2008,5600.0,5200.0,6100.0
LVA,2009,5700.0,5200.0,6200.0
LVA,2010,5800.0,5400.0,6200.0
LVA,2011,5900.0,5500.0,6300.0
LVA,2012,6000.0,5600.0,6400.0
LVA,2013,6100.0,5600.0,6400.0
LVA,2014,6100.0,5700.0,6500.0
LVA,2015,6200.0,5800.0,6600.0
LVA,2016,6200.0,5800.0,6700.0
LVA,2017,6300.0,5900.0,6800.0
LVA,2018,6300.0,5900.0,6800.0
LVA,2019,6400.0,5900.0,6800.0
LVA,2020,6400.0,5900.0,6900.0
LVA,2021,6300.0,5800.0,6800.0
LVA,2022,6300.0,5900.0,6800.0
LVA,2023,6300.0,5800.0,6700.0
LVA,2024,6100.0,5600.0,6600.0
LVA,2025,6000.0,5600.0,6500.0
MAR,2000,11000.0,9200.0,13000.0
MAR,2001,12000.0,10000.0,14000.0
MAR,2002,13000.0,11000.0,14000.0
MAR,2003,13000.0,12000.0,15000.0
MAR,2004,14000.0,12000.0,16000.0
MAR,2005,15000.0,13000.0,17000.0
MAR,2006,16000.0,14000.0,18000.0
MAR,2007,17000.0,15000.0,18000.0
MAR,2008,17000.0,16000.0,19000.0
MAR,2009,18000.0,16000.0,20000.0
MAR,2010,19000.0,17000.0,21000.0
MAR,2011,19000.0,18000.0,21000.0
MAR,2012,20000.0,18000.0,22000.0
MAR,2013,20000.0,19000.0,22000.0
MAR,2014,21000.0,19000.0,23000.0
MAR,2015,21000.0,20000.0,24000.0
MAR,2016,22000.0,20000.0,24000.0
MAR,2017,22000.0,21000.0,24000.0
MAR,2018,23000.0,21000.0,25000.0
MAR,2019,23000.0,22000.0,26000.0
MAR,2020,24000.0,22000.0,26000.0
MAR,2021,24000.0,22000.0,27000.0
MAR,2022,25000.0,23000.0,27000.0
MAR,2023,25000.0,23000.0,28000.0
MAR,2024,26000.0,23000.0,29000.0
MAR,2025,26000.0,24000.0,29000.0
MDA,2000,12000.0,9800.0,14000.0
MDA,2001,13000.0,11000.0,15000.0
MDA,2002,14000.0,12000.0,16000.0
MDA,2003,15000.0,12000.0,17000.0
MDA,2004,15000.0,13000.0,18000.0
MDA,2005,16000.0,13000.0,18000.0
MDA,2006,16000.0,13000.0,19000.0
MDA,2007,16000.0,14000.0,19000.0
MDA,2008,16000.0,14000.0,19000.0
MDA,2009,16000.0,14000.0,19000.0
MDA,2010,16000.0,14000.0,19000.0
MDA,2011,16000.0,14000.0,19000.0
MDA,2012,16000.0,14000.0,19000.0
MDA,2013,16000.0,14000.0,19000.0
MDA,2014,16000.0,14000.0,19000.0
MDA,2015,16000.0,14000.0,19000.0
MDA,2016,16000.0,14000.0,19000.0
MDA,2017,16000.0,14000.0,19000.0
MDA,2018,16000.0,14000.0,19000.0
MDA,2019,16000.0,14000.0,19000.0
MDA,2020,16000.0,14000.0,19000.0
MDA,2021,16000.0,14000.0,19000.0
MDA,2022,17000.0,14000.0,20000.0
MDA,2023,17000.0,14000.0,20000.0
MDA,2024,17000.0,14000.0,20000.0
MDA,2025,17000.0,15000.0,20000.0
MDG,2000,7200.0,4100.0,14000.0
MDG,2001,8600.0,5100.0,16000.0
MDG,2002,10000.0,6100.0,18000.0
MDG,2003,12000.0,7300.0,20000.0
MDG,2004,14000.0,8800.0,22000.0
MDG,2005,16000.0,10000.0,24000.0
MDG,2006,18000.0,12000.0,27000.0
MDG,2007,20000.0,14000.0,29000.0
MDG,2008,23000.0,17000.0,32000.0
MDG,2009,25000.0,19000.0,34000.0
MDG,2010,28000.0,22000.0,37000.0
MDG,2011,31000.0,24000.0,39000.0
MDG,2012,35000.0,27000.0,44000.0
MDG,2013,38000.0,31000.0,48000.0
MDG,2014,42000.0,35000.0,53000.0
MDG,2015,47000.0,39000.0,58000.0
MDG,2016,52000.0,43000.0,65000.0
MDG,2017,58000.0,47000.0,71000.0
MDG,2018,64000.0,52000.0,78000.0
MDG,2019,71000.0,59000.0,85000.0
MDG,2020,79000.0,66000.0,93000.0
MDG,2021,88000.0,73000.0,100000.0
MDG,2022,98000.0,81000.0,120000.0
MDG,2023,110000.0,94000.0,130000.0
MDG,2024,130000.0,110000.0,150000.0
MDG,2025,150000.0,120000.0,180000.0
MDV,2000,100.0,100.0,500.0
MDV,2001,100.0,100.0,500.0
MDV,2002,100.0,100.0,200.0
MDV,2003,100.0,100.0,200.0
MDV,2004,100.0,100.0,200.0
MDV,2005,100.0,100.0,200.0
MDV,2006,100.0,100.0,200.0
MDV,2007,100.0,100.0,200.0
MDV,2008,100.0,100.0,100.0
MDV,2009,100.0,100.0,100.0
MDV,2010,100.0,100.0,100.0
MDV,2011,100.0,100.0,100.0
MDV,2012,100.0,100.0,100.0
MDV,2013,100.0,100.0,100.0
MDV,2014,100.0,100.0,100.0
MDV,2015,100.0,100.0,100.0
MDV,2016,100.0,100.0,100.0
MDV,2017,100.0,100.0,100.0
MDV,2018,100.0,100.0,100.0
MDV,2019,100.0,100.0,100.0
MDV,2020,100.0,100.0,100.0
MDV,2021,100.0,100.0,200.0
MDV,2022,100.0,100.0,200.0
MDV,2023,100.0,100.0,200.0
MDV,2024,100.0,100.0,200.0
MDV,2025,100.0,100.0,200.0
MEX,2000,130000.0,120000.0,150000.0
MEX,2001,140000.0,130000.0,150000.0
MEX,2002,150000.0,140000.0,160000.0
MEX,2003,160000.0,140000.0,170000.0
MEX,2004,170000.0,150000.0,180000.0
MEX,2005,180000.0,160000.0,190000.0
MEX,2006,180000.0,170000.0,200000.0
MEX,2007,190000.0,180000.0,210000.0
MEX,2008,210000.0,190000.0,220000.0
MEX,2009,220000.0,200000.0,240000.0
MEX,2010,230000.0,210000.0,250000.0
MEX,2011,240000.0,220000.0,260000.0
MEX,2012,260000.0,230000.0,270000.0
MEX,2013,270000.0,240000.0,290000.0
MEX,2014,280000.0,250000.0,300000.0
MEX,2015,290000.0,270000.0,320000.0
MEX,2016,310000.0,280000.0,330000.0
MEX,2017,320000.0,290000.0,340000.0
MEX,2018,330000.0,300000.0,360000.0
MEX,2019,350000.0,310000.0,380000.0
MEX,2020,360000.0,330000.0,390000.0
MEX,2021,370000.0,340000.0,410000.0
MEX,2022,390000.0,350000.0,430000.0
MEX,2023,400000.0,360000.0,450000.0
MEX,2024,410000.0,370000.0,470000.0
MEX,2025,430000.0,380000.0,490000.0
MLI,2000,110000.0,84000.0,160000.0
MLI,2001,110000.0,83000.0,160000.0
MLI,2002,110000.0,82000.0,160000.0
MLI,2003,110000.0,81000.0,160000.0
MLI,2004,110000.0,80000.0,150000.0
MLI,2005,110000.0,78000.0,140000.0
MLI,2006,100000.0,77000.0,140000.0
MLI,2007,100000.0,77000.0,140000.0
MLI,2008,100000.0,76000.0,130000.0
MLI,2009,100000.0,76000.0,130000.0
MLI,2010,100000.0,76000.0,130000.0
MLI,2011,100000.0,75000.0,130000.0
MLI,2012,98000.0,73000.0,130000.0
MLI,2013,96000.0,72000.0,120000.0
MLI,2014,95000.0,71000.0,120000.0
MLI,2015,94000.0,70000.0,120000.0
MLI,2016,92000.0,69000.0,120000.0
MLI,2017,91000.0,68000.0,120000.0
MLI,2018,90000.0,68000.0,110000.0
MLI,2019,89000.0,68000.0,110000.0
MLI,2020,89000.0,67000.0,110000.0
MLI,2021,90000.0,68000.0,110000.0
MLI,2022,91000.0,69000.0,120000.0
MLI,2023,92000.0,69000.0,120000.0
MLI,2024,94000.0,70000.0,120000.0
MLI,2025,95000.0,71000.0,120000.0
MLT,2000,200.0,100.0,200.0
MLT,2001,200.0,200.0,200.0
MLT,2002,200.0,200.0,200.0
MLT,2003,200.0,200.0,200.0
MLT,2004,200.0,200.0,500.0
MLT,2005,200.0,200.0,500.0
MLT,2006,500.0,200.0,500.0
MLT,2007,500.0,500.0,500.0
MLT,2008,500.0,500.0,500.0
MLT,2009,500.0,500.0,500.0
MLT,2010,500.0,500.0,500.0
MLT,2011,500.0,500.0,500.0
MLT,2012,500.0,500.0,500.0
MLT,2013,500.0,500.0,500.0
MLT,2014,500.0,500.0,530.0
MLT,2015,510.0,500.0,590.0
MLT,2016,550.0,500.0,620.0
MLT,2017,580.0,500.0,660.0
MLT,2018,620.0,520.0,700.0
MLT,2019,660.0,550.0,750.0
MLT,2020,710.0,590.0,800.0
MLT,2021,750.0,630.0,850.0
MLT,2022,800.0,670.0,900.0
MLT,2023,840.0,700.0,960.0
MLT,2024,890.0,750.0,1000.0
MLT,2025,950.0,790.0,1100.0
MMR,2000,170000.0,160000.0,190000.0
MMR,2001,190000.0,170000.0,210000.0
MMR,2002,200000.0,180000.0,230000.0
MMR,2003,210000.0,190000.0,240000.0
MMR,2004,220000.0,200000.0,250000.0
MMR,2005,230000.0,210000.0,250000.0
MMR,2006,230000.0,210000.0,260000.0
MMR,2007,240000.0,210000.0,260000.0
MMR,2008,240000.0,220000.0,270000.0
MMR,2009,240000.0,220000.0,270000.0
MMR,2010,250000.0,220000.0,270000.0
MMR,2011,250000.0,220000.0,270000.0
MMR,2012,250000.0,230000.0,280000.0
MMR,2013,260000.0,230000.0,280000.0
MMR,2014,260000.0,240000.0,290000.0
MMR,2015,270000.0,240000.0,290000.0
MMR,2016,270000.0,250000.0,300000.0
MMR,2017,270000.0,250000.0,300000.0
MMR,2018,280000.0,250000.0,310000.0
MMR,2019,280000.0,260000.0,310000.0
MMR,2020,290000.0,260000.0,320000.0
MMR,2021,290000.0,260000.0,320000.0
MMR,2022,300000.0,260000.0,330000.0
MMR,2023,300000.0,270000.0,330000.0
MMR,2024,300000.0,270000.0,340000.0
MMR,2025,310000.0,270000.0,340000.0
MNE,2000,100.0,100.0,100.0
MNE,2001,100.0,100.0,100.0
MNE,2002,100.0,100.0,100.0
MNE,2003,100.0,100.0,100.0
MNE,2004,100.0,100.0,100.0
MNE,2005,100.0,100.0,200.0
MNE,2006,200.0,100.0,200.0
MNE,2007,200.0,100.0,200.0
MNE,2008,200.0,200.0,200.0
MNE,2009,200.0,200.0,200.0
MNE,2010,200.0,200.0,200.0
MNE,2011,200.0,200.0,500.0
MNE,2012,500.0,200.0,500.0
MNE,2013,500.0,200.0,500.0
MNE,2014,500.0,500.0,500.0
MNE,2015,500.0,500.0,500.0
MNE,2016,500.0,500.0,500.0
MNE,2017,500.0,500.0,500.0
MNE,2018,500.0,500.0,500.0
MNE,2019,500.0,500.0,500.0
MNE,2020,500.0,500.0,500.0
MNE,2021,500.0,500.0,500.0
MNE,2022,500.0,500.0,520.0
MNE,2023,500.0,500.0,560.0
MNE,2024,510.0,500.0,600.0
MNE,2025,530.0,500.0,630.0
MNG,2000,100.0,100.0,100.0
MNG,2001,100.0,100.0,200.0
MNG,2002,200.0,200.0,200.0
MNG,2003,200.0,200.0,200.0
MNG,2004,500.0,200.0,500.0
MNG,2005,500.0,500.0,500.0
MNG,2006,500.0,500.0,500.0
MNG,2007,500.0,500.0,500.0
MNG,2008,500.0,500.0,500.0
MNG,2009,500.0,500.0,500.0
MNG,2010,500.0,500.0,500.0
MNG,2011,500.0,500.0,500.0
MNG,2012,500.0,500.0,500.0
MNG,2013,500.0,500.0,530.0
MNG,2014,500.0,500.0,550.0
MNG,2015,520.0,500.0,570.0
MNG,2016,540.0,500.0,600.0
MNG,2017,550.0,500.0,620.0
MNG,2018,570.0,510.0,640.0
MNG,2019,590.0,530.0,660.0
MNG,2020,620.0,550.0,690.0
MNG,2021,630.0,560.0,710.0
MNG,2022,650.0,570.0,720.0
MNG,2023,660.0,590.0,740.0
MNG,2024,680.0,600.0,760.0
MNG,2025,700.0,620.0,780.0
MOZ,2000,890000.0,800000.0,1000000.0
MOZ,2001,970000.0,880000.0,1100000.0
MOZ,2002,1100000.0,960000.0,1200000.0
MOZ,2003,1100000.0,1000000.0,1200000.0
MOZ,2004,1200000.0,1100000.0,1300000.0
MOZ,2005,1300000.0,1200000.0,1400000.0
MOZ,2006,1300000.0,1200000.0,1400000.0
MOZ,2007,1400000.0,1300000.0,1500000.0
MOZ,2008,1400000.0,1300000.0,1500000.0
MOZ,2009,1500000.0,1400000.0,1600000.0
MOZ,2010,1600000.0,1500000.0,1700000.0
MOZ,2011,1700000.0,1600000.0,1800000.0
MOZ,2012,1700000.0,1600000.0,1800000.0
MOZ,2013,1800000.0,1700000.0,1900000.0
MOZ,2014,1900000.0,1800000.0,2000000.0
MOZ,2015,2000000.0,1900000.0,2100000.0
MOZ,2016,2000000.0,1900000.0,2200000.0
MOZ,2017,2100000.0,2000000.0,2300000.0
MOZ,2018,2200000.0,2100000.0,2300000.0
MOZ,2019,2200000.0,2100000.0,2400000.0
MOZ,2020,2300000.0,2200000.0,2500000.0
MOZ,2021,2400000.0,2200000.0,2500000.0
MOZ,2022,2400000.0,2200000.0,2600000.0
MOZ,2023,2400000.0,2200000.0,2600000.0
MOZ,2024,2500000.0,2300000.0,2700000.0
MOZ,2025,2500000.0,2300000.0,2700000.0
MRT,2000,4400.0,3000.0,6900.0
MRT,2001,4700.0,3300.0,7300.0
MRT,2002,5000.0,3500.0,7500.0
MRT,2003,5200.0,3800.0,7800.0
MRT,2004,5400.0,4000.0,8000.0
MRT,2005,5600.0,4200.0,8100.0
MRT,2006,5700.0,4500.0,8200.0
MRT,2007,5900.0,4600.0,8200.0
MRT,2008,6000.0,4800.0,8200.0
MRT,2009,6000.0,4900.0,8200.0
MRT,2010,6100.0,4900.0,8100.0
MRT,2011,6000.0,5000.0,8100.0
MRT,2012,6000.0,5000.0,7900.0
MRT,2013,6000.0,5000.0,7800.0
MRT,2014,5900.0,4900.0,7500.0
MRT,2015,5800.0,4900.0,7400.0
MRT,2016,5800.0,4900.0,7300.0
MRT,2017,5800.0,4900.0,7300.0
MRT,2018,5700.0,4900.0,7100.0
MRT,2019,5700.0,4900.0,7000.0
MRT,2020,5700.0,4800.0,6800.0
MRT,2021,5700.0,4800.0,6800.0
MRT,2022,5700.0,4900.0,6900.0
MRT,2023,5800.0,4900.0,7000.0
MRT,2024,5800.0,4900.0,7100.0
MRT,2025,5800.0,4900.0,7100.0
MUS,2000,2100.0,1100.0,3800.0
MUS,2001,2900.0,1600.0,4800.0
MUS,2002,3800.0,2300.0,5700.0
MUS,2003,4600.0,3000.0,6300.0
MUS,2004,5400.0,3800.0,6900.0
MUS,2005,6200.0,4700.0,7400.0
MUS,2006,6800.0,5500.0,7900.0
MUS,2007,7500.0,6300.0,8500.0
MUS,2008,8000.0,6900.0,9000.0
MUS,2009,8500.0,7400.0,9500.0
MUS,2010,8900.0,7800.0,10000.0
MUS,2011,9300.0,8200.0,11000.0
MUS,2012,9700.0,8600.0,11000.0
MUS,2013,9900.0,8900.0,11000.0
MUS,2014,10000.0,9000.0,12000.0
MUS,2015,10000.0,9200.0,12000.0
MUS,2016,10000.0,9300.0,12000.0
MUS,2017,11000.0,9500.0,12000.0
MUS,2018,11000.0,9400.0,12000.0
MUS,2019,11000.0,9400.0,12000.0
MUS,2020,11000.0,9300.0,12000.0
MUS,2021,10000.0,9300.0,12000.0
MUS,2022,10000.0,9100.0,12000.0
MUS,2023,10000.0,9000.0,12000.0
MUS,2024,10000.0,8900.0,12000.0
MUS,2025,10000.0,8900.0,12000.0
MWI,2000,910000.0,850000.0,980000.0
MWI,2001,900000.0,850000.0,980000.0
MWI,2002,900000.0,850000.0,960000.0
MWI,2003,890000.0,830000.0,950000.0
MWI,2004,880000.0,830000.0,930000.0
MWI,2005,860000.0,820000.0,920000.0
MWI,2006,860000.0,810000.0,910000.0
MWI,2007,860000.0,820000.0,910000.0
MWI,2008,870000.0,830000.0,920000.0
MWI,2009,890000.0,850000.0,940000.0
MWI,2010,910000.0,870000.0,960000.0
MWI,2011,930000.0,890000.0,980000.0
MWI,2012,950000.0,910000.0,1000000.0
MWI,2013,970000.0,930000.0,1000000.0
MWI,2014,990000.0,940000.0,1000000.0
MWI,2015,1000000.0,960000.0,1100000.0
MWI,2016,1000000.0,970000.0,1100000.0
MWI,2017,1000000.0,980000.0,1100000.0
MWI,2018,1000000.0,980000.0,1100000.0
MWI,2019,1000000.0,980000.0,1100000.0
MWI,2020,1000000.0,980000.0,1100000.0
MWI,2021,1000000.0,970000.0,1100000.0
MWI,2022,1000000.0,970000.0,1100000.0
MWI,2023,1000000.0,960000.0,1100000.0
MWI,2024,1000000.0,960000.0,1100000.0
MWI,2025,1000000.0,950000.0,1100000.0
MYS,2000,52000.0,44000.0,60000.0
MYS,2001,54000.0,46000.0,62000.0
MYS,2002,56000.0,48000.0,63000.0
MYS,2003,58000.0,50000.0,66000.0
MYS,2004,60000.0,52000.0,68000.0
MYS,2005,62000.0,54000.0,70000.0
MYS,2006,64000.0,56000.0,72000.0
MYS,2007,66000.0,58000.0,74000.0
MYS,2008,68000.0,61000.0,76000.0
MYS,2009,70000.0,63000.0,78000.0
MYS,2010,73000.0,65000.0,80000.0
MYS,2011,74000.0,67000.0,81000.0
MYS,2012,76000.0,69000.0,83000.0
MYS,2013,77000.0,70000.0,84000.0
MYS,2014,79000.0,71000.0,85000.0
MYS,2015,80000.0,72000.0,87000.0
MYS,2016,81000.0,73000.0,88000.0
MYS,2017,82000.0,74000.0,89000.0
MYS,2018,82000.0,75000.0,90000.0
MYS,2019,83000.0,75000.0,91000.0
MYS,2020,84000.0,76000.0,92000.0
MYS,2021,84000.0,76000.0,93000.0
MYS,2022,84000.0,76000.0,93000.0
MYS,2023,84000.0,76000.0,93000.0
MYS,2024,85000.0,76000.0,94000.0
MYS,2025,85000.0,76000.0,94000.0
NAM,2000,150000.0,140000.0,160000.0
NAM,2001,160000.0,150000.0,170000.0
NAM,2002,160000.0,150000.0,180000.0
NAM,2003,170000.0,160000.0,180000.0
NAM,2004,170000.0,160000.0,180000.0
NAM,2005,170000.0,160000.0,180000.0
NAM,2006,170000.0,160000.0,190000.0
NAM,2007,180000.0,170000.0,190000.0
NAM,2008,180000.0,170000.0,200000.0
NAM,2009,190000.0,180000.0,200000.0
NAM,2010,190000.0,180000.0,210000.0
NAM,2011,200000.0,180000.0,210000.0
NAM,2012,200000.0,190000.0,220000.0
NAM,2013,210000.0,190000.0,230000.0
NAM,2014,210000.0,200000.0,230000.0
NAM,2015,210000.0,200000.0,230000.0
NAM,2016,220000.0,200000.0,240000.0
NAM,2017,220000.0,200000.0,240000.0
NAM,2018,220000.0,200000.0,240000.0
NAM,2019,220000.0,200000.0,240000.0
NAM,2020,220000.0,200000.0,240000.0
NAM,2021,220000.0,200000.0,250000.0
NAM,2022,220000.0,200000.0,250000.0
NAM,2023,220000.0,200000.0,250000.0
NAM,2024,220000.0,200000.0,250000.0
NAM,2025,220000.0,200000.0,250000.0
NER,2000,50000.0,44000.0,58000.0
NER,2001,51000.0,46000.0,59000.0
NER,2002,51000.0,46000.0,59000.0
NER,2003,51000.0,45000.0,58000.0
NER,2004,50000.0,44000.0,56000.0
NER,2005,48000.0,43000.0,54000.0
NER,2006,46000.0,41000.0,52000.0
NER,2007,44000.0,40000.0,50000.0
NER,2008,42000.0,38000.0,47000.0
NER,2009,40000.0,36000.0,45000.0
NER,2010,38000.0,34000.0,42000.0
NER,2011,36000.0,32000.0,41000.0
NER,2012,35000.0,31000.0,39000.0
NER,2013,33000.0,30000.0,38000.0
NER,2014,32000.0,30000.0,36000.0
NER,2015,31000.0,29000.0,35000.0
NER,2016,31000.0,28000.0,34000.0
NER,2017,30000.0,28000.0,33000.0
NER,2018,30000.0,28000.0,33000.0
NER,2019,30000.0,28000.0,33000.0
NER,2020,30000.0,28000.0,33000.0
NER,2021,31000.0,28000.0,34000.0
NER,2022,31000.0,28000.0,34000.0
NER,2023,31000.0,28000.0,35000.0
NER,2024,31000.0,28000.0,35000.0
NER,2025,32000.0,29000.0,36000.0
NGA,2000,1400000.0,1300000.0,1600000.0
NGA,2001,1500000.0,1300000.0,1700000.0
NGA,2002,1500000.0,1400000.0,1700000.0
NGA,2003,1600000.0,1400000.0,1700000.0
NGA,2004,1600000.0,1500000.0,1800000.0
NGA,2005,1600000.0,1500000.0,1800000.0
NGA,2006,1600000.0,1500000.0,1800000.0
NGA,2007,1700000.0,1500000.0,1900000.0
NGA,2008,1700000.0,1600000.0,1900000.0
NGA,2009,1700000.0,1600000.0,1900000.0
NGA,2010,1800000.0,1600000.0,2000000.0
NGA,2011,1800000.0,1700000.0,2000000.0
NGA,2012,1800000.0,1700000.0,2000000.0
NGA,2013,1900000.0,1700000.0,2000000.0
NGA,2014,1900000.0,1800000.0,2100000.0
NGA,2015,1900000.0,1800000.0,2100000.0
NGA,2016,1900000.0,1800000.0,2100000.0
NGA,2017,1900000.0,1800000.0,2100000.0
NGA,2018,1900000.0,1800000.0,2100000.0
NGA,2019,1900000.0,1800000.0,2200000.0
NGA,2020,2000000.0,1800000.0,2200000.0
NGA,2021,2000000.0,1800000.0,2200000.0
NGA,2022,2000000.0,1800000.0,2200000.0
NGA,2023,2000000.0,1900000.0,2200000.0
NGA,2024,2000000.0,1800000.0,2200000.0
NGA,2025,2000000.0,1800000.0,2300000.0
NLD,2000,11000.0,9300.0,12000.0
NLD,2001,11000.0,10000.0,13000.0
NLD,2002,12000.0,11000.0,14000.0
NLD,2003,13000.0,12000.0,15000.0
NLD,2004,14000.0,13000.0,16000.0
NLD,2005,15000.0,13000.0,17000.0
NLD,2006,16000.0,14000.0,18000.0
NLD,2007,17000.0,15000.0,19000.0
NLD,2008,18000.0,16000.0,20000.0
NLD,2009,19000.0,17000.0,21000.0
NLD,2010,20000.0,17000.0,22000.0
NLD,2011,20000.0,18000.0,23000.0
NLD,2012,21000.0,19000.0,23000.0
NLD,2013,22000.0,19000.0,24000.0
NLD,2014,22000.0,20000.0,25000.0
NLD,2015,23000.0,20000.0,25000.0
NLD,2016,23000.0,20000.0,25000.0
NLD,2017,23000.0,21000.0,26000.0
NLD,2018,24000.0,21000.0,26000.0
NLD,2019,24000.0,21000.0,27000.0
NLD,2020,24000.0,21000.0,27000.0
NLD,2021,25000.0,21000.0,28000.0
NLD,2022,25000.0,22000.0,29000.0
NLD,2023,26000.0,22000.0,30000.0
NLD,2024,26000.0,22000.0,30000.0
NOR,2000,1800.0,1700.0,2000.0
NOR,2001,2000.0,1800.0,2200.0
NOR,2002,2200.0,2000.0,2500.0
NOR,2003,2500.0,2300.0,2800.0
NOR,2004,2700.0,2500.0,3000.0
NOR,2005,3000.0,2700.0,3300.0
NOR,2006,3200.0,2900.0,3500.0
NOR,2007,3400.0,3100.0,3800.0
NOR,2008,3600.0,3300.0,4000.0
NOR,2009,3900.0,3500.0,4200.0
NOR,2010,4000.0,3700.0,4400.0
NOR,2011,4200.0,3900.0,4600.0
NOR,2012,4400.0,4000.0,4800.0
NOR,2013,4500.0,4100.0,5000.0
NOR,2014,4700.0,4300.0,5100.0
NOR,2015,4800.0,4300.0,5300.0
NOR,2016,4900.0,4400.0,5400.0
NOR,2017,4900.0,4400.0,5500.0
NOR,2018,5000.0,4400.0,5700.0
NOR,2019,5000.0,4400.0,5800.0
NOR,2020,5100.0,4400.0,5900.0
NOR,2021,5100.0,4400.0,6000.0
NOR,2022,5200.0,4400.0,6100.0
NOR,2023,5200.0,4400.0,6200.0
NOR,2024,5300.0,4400.0,6400.0
NOR,2025,5300.0,4300.0,6500.0
NPL,2000,22000.0,19000.0,24000.0
NPL,2001,26000.0,23000.0,29000.0
NPL,2002,30000.0,27000.0,34000.0
NPL,2003,33000.0,30000.0,37000.0
NPL,2004,36000.0,32000.0,40000.0
NPL,2005,39000.0,34000.0,43000.0
NPL,2006,40000.0,36000.0,44000.0
NPL,2007,41000.0,37000.0,45000.0
NPL,2008,42000.0,37000.0,46000.0
NPL,2009,42000.0,38000.0,46000.0
NPL,2010,42000.0,38000.0,46000.0
NPL,2011,42000.0,38000.0,46000.0
NPL,2012,42000.0,38000.0,45000.0
NPL,2013,41000.0,37000.0,45000.0
NPL,2014,41000.0,37000.0,44000.0
NPL,2015,40000.0,36000.0,43000.0
NPL,2016,39000.0,36000.0,42000.0
NPL,2017,38000.0,35000.0,42000.0
NPL,2018,38000.0,34000.0,41000.0
NPL,2019,37000.0,34000.0,40000.0
NPL,2020,36000.0,33000.0,40000.0
NPL,2021,36000.0,33000.0,39000.0
NPL,2022,35000.0,32000.0,39000.0
NPL,2023,35000.0,32000.0,38000.0
NPL,2024,35000.0,32000.0,38000.0
NPL,2025,35000.0,31000.0,38000.0
NZL,2000,1200.0,1100.0,1400.0
NZL,2001,1300.0,1100.0,1400.0
NZL,2002,1400.0,1200.0,1500.0
NZL,2003,1500.0,1300.0,1600.0
NZL,2004,1600.0,1300.0,1800.0
NZL,2005,1700.0,1400.0,1900.0
NZL,2006,1800.0,1500.0,2000.0
NZL,2007,1900.0,1600.0,2100.0
NZL,2008,2100.0,1800.0,2300.0
NZL,2009,2200.0,1900.0,2400.0
NZL,2010,2300.0,2000.0,2500.0
NZL,2011,2400.0,2100.0,2700.0
NZL,2012,2500.0,2100.0,2800.0
NZL,2013,2700.0,2300.0,2900.0
NZL,2014,2800.0,2300.0,3100.0
NZL,2015,2900.0,2500.0,3200.0
NZL,2016,3100.0,2600.0,3400.0
NZL,2017,3200.0,2700.0,3600.0
NZL,2018,3300.0,2900.0,3700.0
NZL,2019,3500.0,3000.0,3900.0
NZL,2020,3600.0,3000.0,4000.0
NZL,2021,3600.0,3100.0,4100.0
NZL,2022,3600.0,3100.0,4100.0
NZL,2023,3700.0,3200.0,4200.0
NZL,2024,3900.0,3300.0,4300.0
NZL,2025,4000.0,3500.0,4500.0
OMN,2000,1100.0,920.0,1300.0
OMN,2001,1100.0,960.0,1300.0
OMN,2002,1200.0,1000.0,1400.0
OMN,2003,1200.0,1000.0,1400.0
OMN,2004,1200.0,1100.0,1400.0
OMN,2005,1300.0,1100.0,1400.0
OMN,2006,1300.0,1200.0,1500.0
OMN,2007,1300.0,1200.0,1500.0
OMN,2008,1400.0,1200.0,1600.0
OMN,2009,1400.0,1300.0,1600.0
OMN,2010,1500.0,1400.0,1700.0
OMN,2011,2000.0,1800.0,2200.0
OMN,2012,2300.0,2100.0,2600.0
OMN,2013,2500.0,2200.0,2700.0
OMN,2014,2600.0,2300.0,2800.0
OMN,2015,2700.0,2500.0,3000.0
OMN,2016,2800.0,2600.0,3100.0
OMN,2017,2900.0,2600.0,3200.0
OMN,2018,2900.0,2600.0,3200.0
OMN,2019,2800.0,2600.0,3100.0
OMN,2020,2700.0,2400.0,3000.0
OMN,2021,2700.0,2400.0,3000.0
OMN,2022,3000.0,2700.0,3400.0
OMN,2023,3200.0,2800.0,3600.0
OMN,2024,3400.0,3000.0,3900.0
OMN,2025,3600.0,3100.0,4100.0
PAK,2000,990.0,890.0,1100.0
PAK,2001,1300.0,1100.0,1400.0
PAK,2002,1700.0,1500.0,1900.0
PAK,2003,2900.0,2700.0,3200.0
PAK,2004,7600.0,6800.0,8400.0
PAK,2005,15000.0,13000.0,17000.0
PAK,2006,24000.0,21000.0,28000.0
PAK,2007,37000.0,31000.0,42000.0
PAK,2008,52000.0,44000.0,60000.0
PAK,2009,65000.0,55000.0,74000.0
PAK,2010,76000.0,65000.0,85000.0
PAK,2011,87000.0,75000.0,98000.0
PAK,2012,99000.0,86000.0,110000.0
PAK,2013,110000.0,98000.0,120000.0
PAK,2014,120000.0,110000.0,140000.0
PAK,2015,140000.0,120000.0,150000.0
PAK,2016,150000.0,130000.0,170000.0
PAK,2017,170000.0,150000.0,180000.0
PAK,2018,180000.0,160000.0,200000.0
PAK,2019,200000.0,180000.0,210000.0
PAK,2020,220000.0,200000.0,230000.0
PAK,2021,240000.0,220000.0,260000.0
PAK,2022,260000.0,240000.0,280000.0
PAK,2023,290000.0,260000.0,310000.0
PAK,2024,310000.0,290000.0,340000.0
PAK,2025,340000.0,310000.0,370000.0
PAN,2000,12000.0,11000.0,13000.0
PAN,2001,13000.0,12000.0,14000.0
PAN,2002,13000.0,12000.0,15000.0
PAN,2003,14000.0,13000.0,15000.0
PAN,2004,15000.0,14000.0,16000.0
PAN,2005,15000.0,14000.0,17000.0
PAN,2006,16000.0,15000.0,17000.0
PAN,2007,17000.0,16000.0,18000.0
PAN,2008,18000.0,16000.0,19000.0
PAN,2009,18000.0,17000.0,20000.0
PAN,2010,19000.0,18000.0,21000.0
PAN,2011,20000.0,19000.0,21000.0
PAN,2012,21000.0,19000.0,22000.0
PAN,2013,22000.0,20000.0,23000.0
PAN,2014,23000.0,21000.0,24000.0
PAN,2015,23000.0,22000.0,25000.0
PAN,2016,24000.0,23000.0,26000.0
PAN,2017,25000.0,23000.0,27000.0
PAN,2018,26000.0,24000.0,29000.0
PAN,2019,27000.0,25000.0,30000.0
PAN,2020,28000.0,26000.0,31000.0
PAN,2021,29000.0,27000.0,32000.0
PAN,2022,30000.0,28000.0,33000.0
PAN,2023,31000.0,29000.0,34000.0
PAN,2024,32000.0,30000.0,35000.0
PAN,2025,33000.0,31000.0,37000.0
PER,2000,65000.0,54000.0,78000.0
PER,2001,65000.0,54000.0,78000.0
PER,2002,65000.0,55000.0,77000.0
PER,2003,65000.0,55000.0,76000.0
PER,2004,65000.0,55000.0,76000.0
PER,2005,65000.0,55000.0,76000.0
PER,2006,66000.0,57000.0,77000.0
PER,2007,67000.0,58000.0,78000.0
PER,2008,68000.0,59000.0,79000.0
PER,2009,69000.0,60000.0,81000.0
PER,2010,70000.0,62000.0,83000.0
PER,2011,73000.0,64000.0,85000.0
PER,2012,75000.0,67000.0,88000.0
PER,2013,78000.0,69000.0,91000.0
PER,2014,81000.0,71000.0,95000.0
PER,2015,84000.0,75000.0,99000.0
PER,2016,89000.0,78000.0,100000.0
PER,2017,94000.0,82000.0,110000.0
PER,2018,100000.0,87000.0,120000.0
PER,2019,110000.0,91000.0,120000.0
PER,2020,110000.0,96000.0,130000.0
PER,2021,120000.0,100000.0,140000.0
PER,2022,120000.0,110000.0,140000.0
PER,2023,130000.0,110000.0,150000.0
PER,2024,130000.0,110000.0,160000.0
PER,2025,140000.0,120000.0,170000.0
PHL,2000,1200.0,1100.0,1400.0
PHL,2001,1600.0,1400.0,1800.0
PHL,2002,2000.0,1800.0,2300.0
PHL,2003,2600.0,2300.0,3000.0
PHL,2004,3400.0,2900.0,3900.0
PHL,2005,4500.0,3800.0,5100.0
PHL,2006,5800.0,4900.0,6700.0
PHL,2007,7800.0,6500.0,9000.0
PHL,2008,11000.0,9200.0,12000.0
PHL,2009,15000.0,12000.0,17000.0
PHL,2010,19000.0,16000.0,22000.0
PHL,2011,24000.0,20000.0,28000.0
PHL,2012,30000.0,25000.0,35000.0
PHL,2013,37000.0,31000.0,43000.0
PHL,2014,46000.0,38000.0,53000.0
PHL,2015,55000.0,46000.0,64000.0
PHL,2016,66000.0,55000.0,77000.0
PHL,2017,79000.0,65000.0,91000.0
PHL,2018,92000.0,77000.0,110000.0
PHL,2019,110000.0,90000.0,130000.0
PHL,2020,120000.0,100000.0,140000.0
PHL,2021,140000.0,120000.0,170000.0
PHL,2022,170000.0,140000.0,190000.0
PHL,2023,190000.0,160000.0,220000.0
PHL,2024,220000.0,180000.0,250000.0
PHL,2025,250000.0,210000.0,290000.0
PNG,2000,24000.0,19000.0,31000.0
PNG,2001,26000.0,22000.0,33000.0
PNG,2002,29000.0,24000.0,36000.0
PNG,2003,32000.0,27000.0,39000.0
PNG,2004,34000.0,29000.0,42000.0
PNG,2005,37000.0,31000.0,45000.0
PNG,2006,39000.0,34000.0,48000.0
PNG,2007,42000.0,37000.0,51000.0
PNG,2008,45000.0,40000.0,54000.0
PNG,2009,48000.0,42000.0,57000.0
PNG,2010,51000.0,45000.0,60000.0
PNG,2011,54000.0,48000.0,63000.0
PNG,2012,57000.0,51000.0,66000.0
PNG,2013,60000.0,53000.0,69000.0
PNG,2014,63000.0,56000.0,72000.0
PNG,2015,66000.0,58000.0,75000.0
PNG,2016,69000.0,61000.0,78000.0
PNG,2017,72000.0,64000.0,82000.0
PNG,2018,76000.0,68000.0,87000.0
PNG,2019,80000.0,71000.0,92000.0
PNG,2020,85000.0,75000.0,97000.0
PNG,2021,89000.0,78000.0,100000.0
PNG,2022,94000.0,82000.0,110000.0
PNG,2023,99000.0,86000.0,110000.0
PNG,2024,100000.0,91000.0,120000.0
PNG,2025,110000.0,95000.0,130000.0
PRT,2000,30000.0,26000.0,32000.0
PRT,2001,31000.0,27000.0,34000.0
PRT,2002,33000.0,28000.0,35000.0
PRT,2003,34000.0,30000.0,36000.0
PRT,2004,35000.0,31000.0,37000.0
PRT,2005,36000.0,32000.0,39000.0
PRT,2006,37000.0,33000.0,40000.0
PRT,2007,38000.0,34000.0,41000.0
PRT,2008,39000.0,35000.0,42000.0
PRT,2009,40000.0,36000.0,43000.0
PRT,2010,41000.0,37000.0,44000.0
PRT,2011,42000.0,37000.0,45000.0
PRT,2012,43000.0,38000.0,46000.0
PRT,2013,44000.0,39000.0,47000.0
PRT,2014,45000.0,40000.0,48000.0
PRT,2015,45000.0,40000.0,49000.0
PRT,2016,46000.0,41000.0,50000.0
PRT,2017,47000.0,42000.0,51000.0
PRT,2018,47000.0,42000.0,52000.0
PRT,2019,48000.0,43000.0,53000.0
PRT,2020,49000.0,43000.0,53000.0
PRT,2021,49000.0,44000.0,54000.0
PRT,2022,50000.0,45000.0,55000.0
PRT,2023,51000.0,45000.0,56000.0
PRT,2024,52000.0,46000.0,57000.0
PRT,2025,52000.0,46000.0,57000.0
PRY,2000,4000.0,3400.0,4600.0
PRY,2001,4700.0,4000.0,5300.0
PRY,2002,5300.0,4600.0,6000.0
PRY,2003,6000.0,5300.0,6700.0
PRY,2004,6700.0,6000.0,7300.0
PRY,2005,7400.0,6700.0,8000.0
PRY,2006,8100.0,7400.0,8700.0
PRY,2007,8800.0,8200.0,9500.0
PRY,2008,9600.0,8900.0,10000.0
PRY,2009,10000.0,9700.0,11000.0
PRY,2010,11000.0,11000.0,12000.0
PRY,2011,12000.0,11000.0,13000.0
PRY,2012,13000.0,12000.0,14000.0
PRY,2013,14000.0,13000.0,15000.0
PRY,2014,15000.0,14000.0,16000.0
PRY,2015,16000.0,15000.0,16000.0
PRY,2016,16000.0,15000.0,17000.0
PRY,2017,17000.0,16000.0,18000.0
PRY,2018,18000.0,17000.0,19000.0
PRY,2019,19000.0,18000.0,20000.0
PRY,2020,20000.0,18000.0,21000.0
PRY,2021,21000.0,19000.0,22000.0
PRY,2022,22000.0,20000.0,23000.0
PRY,2023,23000.0,21000.0,24000.0
PRY,2024,23000.0,22000.0,25000.0
PRY,2025,24000.0,23000.0,26000.0
QAT,2000,200.0,100.0,200.0
QAT,2001,200.0,100.0,200.0
QAT,2002,200.0,100.0,200.0
QAT,2003,200.0,100.0,200.0
QAT,2004,200.0,100.0,200.0
QAT,2005,200.0,100.0,200.0
QAT,2006,200.0,200.0,200.0
QAT,2007,200.0,200.0,500.0
QAT,2008,200.0,200.0,500.0
QAT,2009,200.0,200.0,500.0
QAT,2010,200.0,200.0,500.0
QAT,2011,200.0,200.0,500.0
QAT,2012,200.0,200.0,500.0
QAT,2013,200.0,200.0,500.0
QAT,2014,500.0,200.0,500.0
QAT,2015,500.0,500.0,500.0
QAT,2016,500.0,500.0,500.0
QAT,2017,500.0,500.0,500.0
QAT,2018,500.0,500.0,500.0
QAT,2019,500.0,500.0,500.0
QAT,2020,500.0,500.0,500.0
QAT,2021,510.0,500.0,570.0
QAT,2022,620.0,540.0,690.0
QAT,2023,750.0,670.0,830.0
QAT,2024,870.0,790.0,980.0
QAT,2025,1000.0,940.0,1200.0
ROU,2000,12000.0,11000.0,12000.0
ROU,2001,12000.0,11000.0,12000.0
ROU,2002,12000.0,11000.0,13000.0
ROU,2003,12000.0,11000.0,13000.0
ROU,2004,12000.0,12000.0,13000.0
ROU,2005,13000.0,12000.0,14000.0
ROU,2006,13000.0,12000.0,14000.0
ROU,2007,13000.0,12000.0,14000.0
ROU,2008,14000.0,13000.0,15000.0
ROU,2009,14000.0,13000.0,15000.0
ROU,2010,14000.0,13000.0,16000.0
ROU,2011,15000.0,14000.0,16000.0
ROU,2012,15000.0,14000.0,16000.0
ROU,2013,16000.0,14000.0,17000.0
ROU,2014,16000.0,14000.0,17000.0
ROU,2015,16000.0,15000.0,18000.0
ROU,2016,17000.0,15000.0,18000.0
ROU,2017,17000.0,15000.0,19000.0
ROU,2018,17000.0,16000.0,19000.0
ROU,2019,18000.0,16000.0,20000.0
ROU,2020,18000.0,16000.0,20000.0
ROU,2021,18000.0,16000.0,20000.0
ROU,2022,19000.0,17000.0,21000.0
ROU,2023,19000.0,17000.0,21000.0
ROU,2024,19000.0,17000.0,21000.0
ROU,2025,19000.0,17000.0,22000.0
RWA,2000,240000.0,220000.0,270000.0
RWA,2001,240000.0,220000.0,270000.0
RWA,2002,240000.0,220000.0,270000.0
RWA,2003,240000.0,220000.0,260000.0
RWA,2004,240000.0,220000.0,260000.0
RWA,2005,240000.0,220000.0,260000.0
RWA,2006,240000.0,230000.0,260000.0
RWA,2007,240000.0,230000.0,260000.0
RWA,2008,240000.0,230000.0,270000.0
RWA,2009,240000.0,230000.0,270000.0
RWA,2010,250000.0,230000.0,270000.0
RWA,2011,250000.0,230000.0,270000.0
RWA,2012,250000.0,230000.0,270000.0
RWA,2013,250000.0,230000.0,280000.0
RWA,2014,250000.0,240000.0,280000.0
RWA,2015,250000.0,240000.0,280000.0
RWA,2016,250000.0,240000.0,280000.0
RWA,2017,250000.0,230000.0,280000.0
RWA,2018,250000.0,230000.0,280000.0
RWA,2019,250000.0,230000.0,280000.0
RWA,2020,250000.0,230000.0,280000.0
RWA,2021,240000.0,230000.0,280000.0
RWA,2022,240000.0,220000.0,280000.0
RWA,2023,240000.0,220000.0,270000.0
RWA,2024,240000.0,220000.0,270000.0
RWA,2025,230000.0,220000.0,270000.0
SAU,2000,4100.0,3600.0,4500.0
SAU,2001,4500.0,4100.0,5000.0
SAU,2002,4900.0,4500.0,5500.0
SAU,2003,5300.0,4800.0,6000.0
SAU,2004,5700.0,5100.0,6400.0
SAU,2005,6100.0,5500.0,6800.0
SAU,2006,6400.0,5800.0,7200.0
SAU,2007,6800.0,6200.0,7500.0
SAU,2008,7100.0,6500.0,7900.0
SAU,2009,7500.0,6800.0,8300.0
SAU,2010,7800.0,7000.0,8500.0
SAU,2011,8000.0,7200.0,8800.0
SAU,2012,8200.0,7300.0,9100.0
SAU,2013,8400.0,7500.0,9300.0
SAU,2014,8600.0,7700.0,9500.0
SAU,2015,8800.0,8000.0,9800.0
SAU,2016,9000.0,8100.0,9900.0
SAU,2017,9200.0,8300.0,10000.0
SAU,2018,9500.0,8600.0,10000.0
SAU,2019,9800.0,9000.0,11000.0
SAU,2020,10000.0,9400.0,11000.0
SAU,2021,11000.0,9800.0,12000.0
SAU,2022,11000.0,10000.0,12000.0
SAU,2023,12000.0,11000.0,13000.0
SAU,2024,13000.0,12000.0,14000.0
SAU,2025,14000.0,13000.0,16000.0
SDN,2000,19000.0,13000.0,27000.0
SDN,2001,20000.0,14000.0,29000.0
SDN,2002,21000.0,15000.0,30000.0
SDN,2003,22000.0,16000.0,31000.0
SDN,2004,23000.0,16000.0,31000.0
SDN,2005,24000.0,17000.0,32000.0
SDN,2006,24000.0,18000.0,33000.0
SDN,2007,25000.0,19000.0,34000.0
SDN,2008,26000.0,19000.0,34000.0
SDN,2009,27000.0,20000.0,36000.0
SDN,2010,27000.0,21000.0,37000.0
SDN,2011,28000.0,22000.0,37000.0
SDN,2012,29000.0,22000.0,38000.0
SDN,2013,29000.0,23000.0,39000.0
SDN,2014,30000.0,23000.0,40000.0
SDN,2015,31000.0,24000.0,41000.0
SDN,2016,32000.0,25000.0,43000.0
SDN,2017,34000.0,26000.0,45000.0
SDN,2018,36000.0,27000.0,47000.0
SDN,2019,37000.0,29000.0,49000.0
SDN,2020,39000.0,30000.0,52000.0
SDN,2021,41000.0,31000.0,55000.0
SDN,2022,44000.0,32000.0,58000.0
SDN,2023,45000.0,33000.0,59000.0
SDN,2024,47000.0,34000.0,62000.0
SDN,2025,50000.0,36000.0,67000.0
SEN,2000,42000.0,35000.0,50000.0
SEN,2001,45000.0,39000.0,53000.0
SEN,2002,47000.0,41000.0,55000.0
SEN,2003,48000.0,41000.0,56000.0
SEN,2004,48000.0,41000.0,55000.0
SEN,2005,47000.0,41000.0,55000.0
SEN,2006,46000.0,40000.0,54000.0
SEN,2007,46000.0,40000.0,53000.0
SEN,2008,46000.0,40000.0,52000.0
SEN,2009,46000.0,40000.0,52000.0
SEN,2010,45000.0,40000.0,51000.0
SEN,2011,45000.0,40000.0,50000.0
SEN,2012,44000.0,39000.0,49000.0
SEN,2013,43000.0,39000.0,48000.0
SEN,2014,43000.0,38000.0,47000.0
SEN,2015,42000.0,37000.0,46000.0
SEN,2016,41000.0,37000.0,45000.0
SEN,2017,41000.0,37000.0,45000.0
SEN,2018,41000.0,37000.0,45000.0
SEN,2019,41000.0,37000.0,45000.0
SEN,2020,41000.0,37000.0,45000.0
SEN,2021,43000.0,38000.0,47000.0
SEN,2022,45000.0,40000.0,50000.0
SEN,2023,47000.0,41000.0,52000.0
SEN,2024,50000.0,43000.0,55000.0
SEN,2025,52000.0,45000.0,58000.0
SGP,2000,1000.0,900.0,1200.0
SGP,2001,1200.0,1100.0,1400.0
SGP,2002,1400.0,1200.0,1600.0
SGP,2003,1600.0,1400.0,1800.0
SGP,2004,1800.0,1600.0,2000.0
SGP,2005,2100.0,1800.0,2300.0
SGP,2006,2300.0,2100.0,2600.0
SGP,2007,2600.0,2300.0,2900.0
SGP,2008,3000.0,2600.0,3300.0
SGP,2009,3300.0,2900.0,3700.0
SGP,2010,3700.0,3200.0,4100.0
SGP,2011,4100.0,3600.0,4500.0
SGP,2012,4500.0,3900.0,5000.0
SGP,2013,4900.0,4200.0,5500.0
SGP,2014,5300.0,4500.0,6000.0
SGP,2015,5700.0,4800.0,6500.0
SGP,2016,6100.0,5000.0,6900.0
SGP,2017,6400.0,5300.0,7300.0
SGP,2018,6700.0,5500.0,7700.0
SGP,2019,7000.0,5800.0,8100.0
SGP,2020,7200.0,5900.0,8400.0
SGP,2021,7400.0,6000.0,8600.0
SGP,2022,7600.0,6100.0,8800.0
SGP,2023,7700.0,6200.0,8900.0
SGP,2024,7800.0,6200.0,9000.0
SGP,2025,7800.0,6100.0,9100.0
SLE,2000,46000.0,37000.0,61000.0
SLE,2001,51000.0,41000.0,65000.0
SLE,2002,54000.0,44000.0,67000.0
SLE,2003,57000.0,46000.0,70000.0
SLE,2004,59000.0,48000.0,71000.0
SLE,2005,60000.0,50000.0,72000.0
SLE,2006,61000.0,52000.0,72000.0
SLE,2007,63000.0,53000.0,73000.0
SLE,2008,64000.0,56000.0,74000.0
SLE,2009,66000.0,58000.0,76000.0
SLE,2010,68000.0,59000.0,78000.0
SLE,2011,70000.0,62000.0,79000.0
SLE,2012,72000.0,63000.0,82000.0
SLE,2013,73000.0,65000.0,84000.0
SLE,2014,75000.0,68000.0,86000.0
SLE,2015,77000.0,69000.0,88000.0
SLE,2016,79000.0,71000.0,91000.0
SLE,2017,82000.0,73000.0,94000.0
SLE,2018,84000.0,74000.0,97000.0
SLE,2019,86000.0,75000.0,100000.0
SLE,2020,88000.0,76000.0,100000.0
SLE,2021,89000.0,77000.0,110000.0
SLE,2022,91000.0,76000.0,110000.0
SLE,2023,92000.0,76000.0,110000.0
SLE,2024,92000.0,76000.0,120000.0
SLE,2025,92000.0,75000.0,120000.0
SLV,2000,15000.0,13000.0,17000.0
SLV,2001,16000.0,14000.0,18000.0
SLV,2002,17000.0,15000.0,19000.0
SLV,2003,17000.0,15000.0,19000.0
SLV,2004,18000.0,16000.0,20000.0
SLV,2005,18000.0,17000.0,20000.0
SLV,2006,19000.0,17000.0,21000.0
SLV,2007,19000.0,18000.0,22000.0
SLV,2008,20000.0,18000.0,22000.0
SLV,2009,21000.0,19000.0,23000.0
SLV,2010,21000.0,20000.0,23000.0
SLV,2011,22000.0,20000.0,24000.0
SLV,2012,23000.0,21000.0,24000.0
SLV,2013,23000.0,21000.0,25000.0
SLV,2014,23000.0,21000.0,25000.0
SLV,2015,23000.0,22000.0,25000.0
SLV,2016,24000.0,22000.0,25000.0
SLV,2017,24000.0,22000.0,25000.0
SLV,2018,24000.0,22000.0,25000.0
SLV,2019,23000.0,21000.0,25000.0
SLV,2020,24000.0,21000.0,25000.0
SLV,2021,23000.0,21000.0,25000.0
SLV,2022,23000.0,21000.0,25000.0
SLV,2023,23000.0,21000.0,25000.0
SLV,2024,23000.0,21000.0,25000.0
SLV,2025,23000.0,21000.0,25000.0
SOM,2000,14000.0,9600.0,20000.0
SOM,2001,14000.0,9700.0,20000.0
SOM,2002,14000.0,9800.0,19000.0
SOM,2003,13000.0,9800.0,18000.0
SOM,2004,13000.0,9600.0,17000.0
SOM,2005,12000.0,9400.0,16000.0
SOM,2006,12000.0,9000.0,15000.0
SOM,2007,12000.0,8700.0,14000.0
SOM,2008,11000.0,8500.0,14000.0
SOM,2009,11000.0,8400.0,13000.0
SOM,2010,10000.0,8200.0,12000.0
SOM,2011,9500.0,7800.0,11000.0
SOM,2012,9100.0,7600.0,11000.0
SOM,2013,8800.0,7400.0,10000.0
SOM,2014,8600.0,7300.0,10000.0
SOM,2015,8300.0,7200.0,9700.0
SOM,2016,8200.0,7100.0,9400.0
SOM,2017,8000.0,7000.0,9200.0
SOM,2018,7900.0,6900.0,9000.0
SOM,2019,7700.0,6800.0,8800.0
SOM,2020,7600.0,6700.0,8700.0
SOM,2021,7500.0,6600.0,8600.0
SOM,2022,7300.0,6500.0,8500.0
SOM,2023,7200.0,6300.0,8400.0
SOM,2024,7100.0,6300.0,8400.0
SOM,2025,7100.0,6200.0,8300.0
SRB,2000,1100.0,900.0,1300.0
SRB,2001,1200.0,960.0,1400.0
SRB,2002,1300.0,1000.0,1500.0
SRB,2003,1400.0,1100.0,1600.0
SRB,2004,1500.0,1200.0,1800.0
SRB,2005,1700.0,1400.0,1900.0
SRB,2006,1800.0,1500.0,2100.0
SRB,2007,2000.0,1600.0,2200.0
SRB,2008,2100.0,1700.0,2400.0
SRB,2009,2200.0,1800.0,2500.0
SRB,2010,2400.0,1900.0,2700.0
SRB,2011,2500.0,2100.0,2800.0
SRB,2012,2600.0,2200.0,3000.0
SRB,2013,2800.0,2300.0,3100.0
SRB,2014,2900.0,2400.0,3200.0
SRB,2015,3000.0,2400.0,3300.0
SRB,2016,3100.0,2500.0,3500.0
SRB,2017,3200.0,2600.0,3600.0
SRB,2018,3300.0,2700.0,3800.0
SRB,2019,3400.0,2800.0,3900.0
SRB,2020,3500.0,2900.0,4000.0
SRB,2021,3600.0,2900.0,4100.0
SRB,2022,3700.0,3000.0,4300.0
SRB,2023,3800.0,3100.0,4400.0
SRB,2024,3900.0,3200.0,4500.0
SRB,2025,4000.0,3300.0,4700.0
SSD,2000,110000.0,73000.0,150000.0
SSD,2001,120000.0,79000.0,150000.0
SSD,2002,120000.0,85000.0,160000.0
SSD,2003,130000.0,91000.0,170000.0
SSD,2004,130000.0,98000.0,170000.0
SSD,2005,140000.0,100000.0,180000.0
SSD,2006,150000.0,110000.0,190000.0
SSD,2007,150000.0,110000.0,190000.0
SSD,2008,160000.0,120000.0,200000.0
SSD,2009,160000.0,130000.0,200000.0
SSD,2010,170000.0,130000.0,210000.0
SSD,2011,170000.0,140000.0,220000.0
SSD,2012,180000.0,140000.0,220000.0
SSD,2013,180000.0,140000.0,220000.0
SSD,2014,170000.0,140000.0,210000.0
SSD,2015,170000.0,140000.0,200000.0
SSD,2016,150000.0,130000.0,190000.0
SSD,2017,140000.0,120000.0,170000.0
SSD,2018,140000.0,120000.0,170000.0
SSD,2019,150000.0,120000.0,170000.0
SSD,2020,150000.0,120000.0,170000.0
SSD,2021,140000.0,120000.0,170000.0
SSD,2022,140000.0,120000.0,170000.0
SSD,2023,150000.0,120000.0,170000.0
SSD,2024,150000.0,120000.0,170000.0
SSD,2025,150000.0,120000.0,180000.0
STP,2000,1500.0,1000.0,1900.0
STP,2001,1500.0,1000.0,1900.0
STP,2002,1400.0,1000.0,1900.0
STP,2003,1400.0,1000.0,1800.0
STP,2004,1300.0,1000.0,1700.0
STP,2005,1300.0,980.0,1700.0
STP,2006,1300.0,960.0,1600.0
STP,2007,1200.0,940.0,1500.0
STP,2008,1200.0,910.0,1500.0
STP,2009,1100.0,900.0,1400.0
STP,2010,1100.0,890.0,1400.0
STP,2011,1100.0,880.0,1300.0
STP,2012,1100.0,870.0,1300.0
STP,2013,1100.0,860.0,1300.0
STP,2014,1000.0,840.0,1200.0
STP,2015,1000.0,830.0,1200.0
STP,2016,1000.0,820.0,1200.0
STP,2017,990.0,820.0,1200.0
STP,2018,990.0,810.0,1200.0
STP,2019,1000.0,810.0,1200.0
STP,2020,1000.0,820.0,1300.0
STP,2021,1000.0,820.0,1300.0
STP,2022,1000.0,810.0,1300.0
STP,2023,1000.0,810.0,1300.0
STP,2024,1000.0,810.0,1300.0
STP,2025,1000.0,810.0,1300.0
SUR,2000,3400.0,2900.0,3900.0
SUR,2001,3700.0,3200.0,4300.0
SUR,2002,4000.0,3500.0,4600.0
SUR,2003,4300.0,3800.0,4900.0
SUR,2004,4500.0,4000.0,5100.0
SUR,2005,4700.0,4200.0,5300.0
SUR,2006,4900.0,4400.0,5400.0
SUR,2007,5000.0,4500.0,5600.0
SUR,2008,5200.0,4700.0,5800.0
SUR,2009,5400.0,4900.0,6000.0
SUR,2010,5600.0,5000.0,6200.0
SUR,2011,5700.0,5200.0,6400.0
SUR,2012,5900.0,5300.0,6600.0
SUR,2013,6100.0,5500.0,6800.0
SUR,2014,6200.0,5700.0,7000.0
SUR,2015,6400.0,5800.0,7200.0
SUR,2016,6600.0,5900.0,7400.0
SUR,2017,6700.0,6100.0,7600.0
SUR,2018,6900.0,6200.0,7800.0
SUR,2019,7100.0,6400.0,8000.0
SUR,2020,7300.0,6600.0,8200.0
SUR,2021,7500.0,6700.0,8300.0
SUR,2022,7600.0,6800.0,8500.0
SUR,2023,7700.0,6900.0,8600.0
SUR,2024,7900.0,7000.0,8800.0
SUR,2025,8100.0,7200.0,9100.0
SVN,2000,200.0,200.0,500.0
SVN,2001,200.0,200.0,500.0
SVN,2002,200.0,200.0,500.0
SVN,2003,500.0,200.0,500.0
SVN,2004,500.0,200.0,500.0
SVN,2005,500.0,500.0,500.0
SVN,2006,500.0,500.0,500.0
SVN,2007,500.0,500.0,500.0
SVN,2008,500.0,500.0,500.0
SVN,2009,500.0,500.0,500.0
SVN,2010,500.0,500.0,540.0
SVN,2011,500.0,500.0,580.0
SVN,2012,520.0,500.0,630.0
SVN,2013,560.0,500.0,670.0
SVN,2014,590.0,500.0,720.0
SVN,2015,630.0,500.0,770.0
SVN,2016,670.0,530.0,820.0
SVN,2017,710.0,560.0,860.0
SVN,2018,750.0,600.0,910.0
SVN,2019,800.0,630.0,950.0
SVN,2020,840.0,670.0,1000.0
SVN,2021,880.0,700.0,1000.0
SVN,2022,930.0,750.0,1100.0
SVN,2023,960.0,780.0,1100.0
SVN,2024,1000.0,820.0,1200.0
SVN,2025,1000.0,850.0,1200.0
SWE,2000,3200.0,2900.0,3500.0
SWE,2001,3500.0,3100.0,3800.0
SWE,2002,3700.0,3300.0,4000.0
SWE,2003,3900.0,3500.0,4300.0
SWE,2004,4200.0,3700.0,4600.0
SWE,2005,4400.0,3900.0,4900.0
SWE,2006,4700.0,4100.0,5100.0
SWE,2007,5000.0,4400.0,5400.0
SWE,2008,5200.0,4600.0,5700.0
SWE,2009,5500.0,4800.0,6000.0
SWE,2010,5800.0,5000.0,6300.0
SWE,2011,6000.0,5300.0,6600.0
SWE,2012,6300.0,5500.0,6900.0
SWE,2013,6500.0,5700.0,7200.0
SWE,2014,6800.0,6000.0,7500.0
SWE,2015,7000.0,6200.0,7700.0
SWE,2016,7200.0,6400.0,8000.0
SWE,2017,7500.0,6600.0,8300.0
SWE,2018,7700.0,6800.0,8500.0
SWE,2019,8000.0,7000.0,8800.0
SWE,2020,8200.0,7200.0,9000.0
SWE,2021,8400.0,7300.0,9200.0
SWE,2022,8500.0,7400.0,9500.0
SWE,2023,8600.0,7500.0,9700.0
SWE,2024,8800.0,7600.0,9900.0
SWZ,2000,130000.0,120000.0,140000.0
SWZ,2001,140000.0,130000.0,150000.0
SWZ,2002,150000.0,140000.0,160000.0
SWZ,2003,160000.0,150000.0,170000.0
SWZ,2004,170000.0,160000.0,180000.0
SWZ,2005,170000.0,160000.0,180000.0
SWZ,2006,180000.0,170000.0,190000.0
SWZ,2007,180000.0,170000.0,190000.0
SWZ,2008,190000.0,180000.0,200000.0
SWZ,2009,190000.0,180000.0,200000.0
SWZ,2010,200000.0,190000.0,210000.0
SWZ,2011,200000.0,190000.0,220000.0
SWZ,2012,210000.0,200000.0,220000.0
SWZ,2013,220000.0,200000.0,230000.0
SWZ,2014,220000.0,210000.0,240000.0
SWZ,2015,230000.0,210000.0,240000.0
SWZ,2016,230000.0,210000.0,240000.0
SWZ,2017,230000.0,210000.0,250000.0
SWZ,2018,230000.0,210000.0,250000.0
SWZ,2019,230000.0,210000.0,250000.0
SWZ,2020,230000.0,210000.0,250000.0
SWZ,2021,230000.0,210000.0,250000.0
SWZ,2022,220000.0,210000.0,240000.0
SWZ,2023,220000.0,200000.0,240000.0
SWZ,2024,220000.0,200000.0,240000.0
SWZ,2025,210000.0,200000.0,240000.0
SYR,2000,500.0,200.0,500.0
SYR,2001,500.0,200.0,500.0
SYR,2002,500.0,200.0,500.0
SYR,2003,500.0,500.0,500.0
SYR,2004,500.0,500.0,500.0
SYR,2005,500.0,500.0,500.0
SYR,2006,500.0,500.0,500.0
SYR,2007,500.0,500.0,500.0
SYR,2008,500.0,500.0,500.0
SYR,2009,500.0,500.0,500.0
SYR,2010,500.0,500.0,530.0
SYR,2011,500.0,500.0,560.0
SYR,2012,500.0,500.0,560.0
SYR,2013,500.0,500.0,510.0
SYR,2014,500.0,500.0,500.0
SYR,2015,500.0,500.0,500.0
SYR,2016,500.0,500.0,510.0
SYR,2017,500.0,500.0,520.0
SYR,2018,510.0,500.0,580.0
SYR,2019,570.0,500.0,650.0
SYR,2020,630.0,540.0,710.0
SYR,2021,680.0,590.0,770.0
SYR,2022,760.0,660.0,860.0
SYR,2023,850.0,740.0,950.0
SYR,2024,930.0,810.0,1000.0
SYR,2025,1000.0,880.0,1100.0
TCD,2000,120000.0,91000.0,170000.0
TCD,2001,120000.0,92000.0,170000.0
TCD,2002,120000.0,94000.0,170000.0
TCD,2003,120000.0,98000.0,170000.0
TCD,2004,130000.0,99000.0,170000.0
TCD,2005,130000.0,98000.0,160000.0
TCD,2006,120000.0,99000.0,160000.0
TCD,2007,120000.0,100000.0,150000.0
TCD,2008,120000.0,100000.0,150000.0
TCD,2009,120000.0,100000.0,150000.0
TCD,2010,120000.0,100000.0,150000.0
TCD,2011,120000.0,100000.0,150000.0
TCD,2012,120000.0,100000.0,150000.0
TCD,2013,120000.0,100000.0,150000.0
TCD,2014,120000.0,100000.0,150000.0
TCD,2015,120000.0,100000.0,150000.0
TCD,2016,120000.0,100000.0,140000.0
TCD,2017,120000.0,100000.0,140000.0
TCD,2018,120000.0,100000.0,140000.0
TCD,2019,120000.0,99000.0,140000.0
TCD,2020,120000.0,98000.0,140000.0
TCD,2021,110000.0,97000.0,140000.0
TCD,2022,110000.0,96000.0,140000.0
TCD,2023,120000.0,98000.0,140000.0
TCD,2024,120000.0,98000.0,140000.0
TCD,2025,120000.0,96000.0,140000.0
TGO,2000,110000.0,89000.0,130000.0
TGO,2001,110000.0,92000.0,140000.0
TGO,2002,110000.0,94000.0,140000.0
TGO,2003,110000.0,95000.0,140000.0
TGO,2004,110000.0,95000.0,140000.0
TGO,2005,110000.0,96000.0,140000.0
TGO,2006,120000.0,96000.0,140000.0
TGO,2007,120000.0,97000.0,140000.0
TGO,2008,110000.0,97000.0,140000.0
TGO,2009,110000.0,97000.0,140000.0
TGO,2010,110000.0,98000.0,140000.0
TGO,2011,110000.0,97000.0,130000.0
TGO,2012,110000.0,97000.0,130000.0
TGO,2013,110000.0,97000.0,130000.0
TGO,2014,110000.0,97000.0,130000.0
TGO,2015,110000.0,97000.0,130000.0
TGO,2016,110000.0,97000.0,130000.0
TGO,2017,110000.0,96000.0,130000.0
TGO,2018,110000.0,95000.0,130000.0
TGO,2019,110000.0,94000.0,130000.0
TGO,2020,110000.0,93000.0,130000.0
TGO,2021,110000.0,91000.0,130000.0
TGO,2022,100000.0,90000.0,120000.0
TGO,2023,100000.0,88000.0,120000.0
TGO,2024,100000.0,87000.0,120000.0
TGO,2025,100000.0,86000.0,120000.0
THA,2000,1100000.0,970000.0,1200000.0
THA,2001,1100000.0,950000.0,1200000.0
THA,2002,1000000.0,920000.0,1200000.0
THA,2003,1000000.0,890000.0,1100000.0
THA,2004,970000.0,860000.0,1100000.0
THA,2005,940000.0,830000.0,1100000.0
THA,2006,910000.0,800000.0,1000000.0
THA,2007,880000.0,790000.0,990000.0
THA,2008,860000.0,770000.0,960000.0
THA,2009,830000.0,750000.0,930000.0
THA,2010,810000.0,730000.0,890000.0
THA,2011,790000.0,710000.0,870000.0
THA,2012,770000.0,690000.0,850000.0
THA,2013,750000.0,680000.0,830000.0
THA,2014,730000.0,660000.0,810000.0
THA,2015,720000.0,650000.0,800000.0
THA,2016,700000.0,640000.0,780000.0
THA,2017,690000.0,620000.0,770000.0
THA,2018,680000.0,610000.0,750000.0
THA,2019,670000.0,600000.0,740000.0
THA,2020,660000.0,590000.0,730000.0
THA,2021,650000.0,580000.0,720000.0
THA,2022,640000.0,580000.0,710000.0
THA,2023,630000.0,570000.0,700000.0
THA,2024,630000.0,560000.0,700000.0
THA,2025,620000.0,560000.0,690000.0
TJK,2000,3000.0,2000.0,5200.0
TJK,2001,3800.0,2600.0,6100.0
TJK,2002,4600.0,3200.0,6700.0
TJK,2003,5300.0,3900.0,7300.0
TJK,2004,6100.0,4500.0,7900.0
TJK,2005,6700.0,5200.0,8600.0
TJK,2006,7300.0,5800.0,9400.0
TJK,2007,7900.0,6300.0,9900.0
TJK,2008,8400.0,6700.0,10000.0
TJK,2009,9000.0,7200.0,11000.0
TJK,2010,9500.0,7700.0,12000.0
TJK,2011,10000.0,8200.0,12000.0
TJK,2012,11000.0,8800.0,13000.0
TJK,2013,11000.0,9400.0,13000.0
TJK,2014,12000.0,9900.0,14000.0
TJK,2015,12000.0,11000.0,14000.0
TJK,2016,13000.0,11000.0,15000.0
TJK,2017,13000.0,12000.0,15000.0
TJK,2018,14000.0,12000.0,16000.0
TJK,2019,14000.0,13000.0,16000.0
TJK,2020,14000.0,13000.0,17000.0
TJK,2021,15000.0,13000.0,17000.0
TJK,2022,15000.0,13000.0,17000.0
TJK,2023,15000.0,14000.0,18000.0
TJK,2024,16000.0,14000.0,18000.0
TJK,2025,16000.0,14000.0,19000.0
TLS,2000,500.0,500.0,580.0
TLS,2001,500.0,500.0,660.0
TLS,2002,530.0,500.0,740.0
TLS,2003,560.0,500.0,770.0
TLS,2004,600.0,500.0,820.0
TLS,2005,640.0,500.0,860.0
TLS,2006,680.0,520.0,890.0
TLS,2007,730.0,560.0,950.0
TLS,2008,780.0,610.0,990.0
TLS,2009,830.0,660.0,1000.0
TLS,2010,890.0,730.0,1100.0
TLS,2011,950.0,790.0,1200.0
TLS,2012,1000.0,850.0,1200.0
TLS,2013,1100.0,920.0,1300.0
TLS,2014,1200.0,1000.0,1400.0
TLS,2015,1200.0,1100.0,1500.0
TLS,2016,1300.0,1200.0,1500.0
TLS,2017,1400.0,1300.0,1600.0
TLS,2018,1500.0,1300.0,1700.0
TLS,2019,1600.0,1400.0,1800.0
TLS,2020,1700.0,1500.0,1900.0
TLS,2021,1800.0,1600.0,2000.0
TLS,2022,1900.0,1700.0,2200.0
TLS,2023,1900.0,1800.0,2300.0
TLS,2024,2100.0,1800.0,2400.0
TLS,2025,2200.0,1900.0,2600.0
TTO,2000,12000.0,10000.0,13000.0
TTO,2001,12000.0,10000.0,13000.0
TTO,2002,12000.0,11000.0,13000.0
TTO,2003,12000.0,11000.0,13000.0
TTO,2004,12000.0,11000.0,13000.0
TTO,2005,12000.0,11000.0,13000.0
TTO,2006,12000.0,11000.0,13000.0
TTO,2007,12000.0,11000.0,13000.0
TTO,2008,12000.0,11000.0,13000.0
TTO,2009,12000.0,11000.0,13000.0
TTO,2010,12000.0,11000.0,13000.0
TTO,2011,12000.0,11000.0,13000.0
TTO,2012,12000.0,11000.0,13000.0
TTO,2013,12000.0,11000.0,13000.0
TTO,2014,12000.0,11000.0,13000.0
TTO,2015,11000.0,11000.0,13000.0
TTO,2016,11000.0,10000.0,13000.0
TTO,2017,11000.0,10000.0,12000.0
TTO,2018,11000.0,10000.0,13000.0
TTO,2019,11000.0,10000.0,13000.0
TTO,2020,11000.0,10000.0,13000.0
TTO,2021,11000.0,10000.0,13000.0
TTO,2022,11000.0,10000.0,13000.0
TTO,2023,11000.0,10000.0,12000.0
TTO,2024,11000.0,10000.0,12000.0
TTO,2025,11000.0,10000.0,12000.0
TUN,2000,3200.0,2200.0,4500.0
TUN,2001,3400.0,2400.0,4800.0
TUN,2002,3600.0,2500.0,5100.0
TUN,2003,3800.0,2700.0,5400.0
TUN,2004,4000.0,2900.0,5700.0
TUN,2005,4200.0,3000.0,5800.0
TUN,2006,4400.0,3200.0,6000.0
TUN,2007,4600.0,3400.0,6300.0
TUN,2008,4800.0,3500.0,6600.0
TUN,2009,5000.0,3600.0,6900.0
TUN,2010,5100.0,3700.0,7100.0
TUN,2011,5400.0,3900.0,7400.0
TUN,2012,5600.0,4000.0,7700.0
TUN,2013,5800.0,4200.0,8000.0
TUN,2014,6000.0,4300.0,8400.0
TUN,2015,6200.0,4500.0,8800.0
TUN,2016,6400.0,4600.0,9100.0
TUN,2017,6600.0,4700.0,9400.0
TUN,2018,6800.0,4800.0,9700.0
TUN,2019,7000.0,4900.0,10000.0
TUN,2020,7200.0,5100.0,10000.0
TUN,2021,7500.0,5200.0,11000.0
TUN,2022,7700.0,5400.0,11000.0
TUN,2023,8000.0,5700.0,12000.0
TUN,2024,8300.0,5900.0,12000.0
TUN,2025,8600.0,6100.0,13000.0
TZA,2000,1200000.0,1100000.0,1400000.0
TZA,2001,1200000.0,1200000.0,1400000.0
TZA,2002,1200000.0,1200000.0,1300000.0
TZA,2003,1200000.0,1100000.0,1300000.0
TZA,2004,1200000.0,1100000.0,1300000.0
TZA,2005,1200000.0,1100000.0,1300000.0
TZA,2006,1200000.0,1100000.0,1300000.0
TZA,2007,1200000.0,1100000.0,1300000.0
TZA,2008,1200000.0,1100000.0,1300000.0
TZA,2009,1200000.0,1100000.0,1300000.0
TZA,2010,1200000.0,1200000.0,1300000.0
TZA,2011,1300000.0,1200000.0,1300000.0
TZA,2012,1300000.0,1200000.0,1400000.0
TZA,2013,1300000.0,1300000.0,1400000.0
TZA,2014,1400000.0,1300000.0,1500000.0
TZA,2015,1500000.0,1400000.0,1600000.0
TZA,2016,1500000.0,1400000.0,1600000.0
TZA,2017,1600000.0,1500000.0,1700000.0
TZA,2018,1600000.0,1500000.0,1800000.0
TZA,2019,1700000.0,1600000.0,1800000.0
TZA,2020,1700000.0,1600000.0,1900000.0
TZA,2021,1700000.0,1600000.0,1900000.0
TZA,2022,1800000.0,1700000.0,1900000.0
TZA,2023,1800000.0,1700000.0,1900000.0
TZA,2024,1800000.0,1700000.0,2000000.0
TZA,2025,1800000.0,1600000.0,2000000.0
UGA,2000,1000000.0,980000.0,1100000.0
UGA,2001,1000000.0,990000.0,1100000.0
UGA,2002,1000000.0,990000.0,1100000.0
UGA,2003,1000000.0,990000.0,1100000.0
UGA,2004,1100000.0,1000000.0,1100000.0
UGA,2005,1100000.0,1000000.0,1200000.0
UGA,2006,1100000.0,1000000.0,1200000.0
UGA,2007,1100000.0,1100000.0,1200000.0
UGA,2008,1100000.0,1100000.0,1200000.0
UGA,2009,1200000.0,1100000.0,1200000.0
UGA,2010,1200000.0,1100000.0,1300000.0
UGA,2011,1200000.0,1200000.0,1300000.0
UGA,2012,1300000.0,1200000.0,1300000.0
UGA,2013,1300000.0,1200000.0,1400000.0
UGA,2014,1300000.0,1300000.0,1400000.0
UGA,2015,1400000.0,1300000.0,1500000.0
UGA,2016,1400000.0,1300000.0,1500000.0
UGA,2017,1400000.0,1400000.0,1500000.0
UGA,2018,1500000.0,1400000.0,1600000.0
UGA,2019,1500000.0,1400000.0,1600000.0
UGA,2020,1500000.0,1400000.0,1600000.0
UGA,2021,1500000.0,1400000.0,1700000.0
UGA,2022,1500000.0,1400000.0,1700000.0
UGA,2023,1500000.0,1400000.0,1700000.0
UGA,2024,1500000.0,1400000.0,1700000.0
UGA,2025,1500000.0,1400000.0,1700000.0
URY,2000,4700.0,4200.0,5200.0
URY,2001,5100.0,4500.0,5600.0
URY,2002,5500.0,4900.0,6000.0
URY,2003,6000.0,5300.0,6500.0
URY,2004,6400.0,5700.0,6900.0
URY,2005,6800.0,6100.0,7400.0
URY,2006,7300.0,6500.0,7900.0
URY,2007,7700.0,7000.0,8400.0
URY,2008,8200.0,7400.0,8800.0
URY,2009,8700.0,7800.0,9300.0
URY,2010,9100.0,8200.0,9800.0
URY,2011,9600.0,8600.0,10000.0
URY,2012,10000.0,9000.0,11000.0
URY,2013,11000.0,9400.0,11000.0
URY,2014,11000.0,9900.0,12000.0
URY,2015,12000.0,10000.0,13000.0
URY,2016,12000.0,11000.0,13000.0
URY,2017,13000.0,11000.0,14000.0
URY,2018,13000.0,12000.0,14000.0
URY,2019,14000.0,12000.0,15000.0
URY,2020,14000.0,13000.0,15000.0
URY,2021,15000.0,13000.0,16000.0
URY,2022,15000.0,14000.0,17000.0
URY,2023,16000.0,14000.0,17000.0
URY,2024,16000.0,15000.0,18000.0
URY,2025,17000.0,15000.0,18000.0
UZB,2000,30000.0,27000.0,34000.0
UZB,2001,35000.0,31000.0,38000.0
UZB,2002,38000.0,34000.0,42000.0
UZB,2003,42000.0,38000.0,46000.0
UZB,2004,45000.0,41000.0,49000.0
UZB,2005,48000.0,44000.0,52000.0
UZB,2006,50000.0,46000.0,54000.0
UZB,2007,52000.0,48000.0,56000.0
UZB,2008,54000.0,49000.0,57000.0
UZB,2009,55000.0,51000.0,59000.0
UZB,2010,56000.0,51000.0,59000.0
UZB,2011,56000.0,52000.0,60000.0
UZB,2012,56000.0,52000.0,61000.0
UZB,2013,56000.0,52000.0,61000.0
UZB,2014,56000.0,52000.0,62000.0
UZB,2015,57000.0,52000.0,63000.0
UZB,2016,57000.0,52000.0,63000.0
UZB,2017,57000.0,52000.0,64000.0
UZB,2018,58000.0,52000.0,66000.0
UZB,2019,58000.0,52000.0,67000.0
UZB,2020,58000.0,52000.0,68000.0
UZB,2021,59000.0,51000.0,69000.0
UZB,2022,59000.0,51000.0,71000.0
UZB,2023,60000.0,51000.0,76000.0
UZB,2024,61000.0,51000.0,78000.0
UZB,2025,63000.0,51000.0,81000.0
VEN,2000,43000.0,38000.0,50000.0
VEN,2001,51000.0,45000.0,59000.0
VEN,2002,61000.0,54000.0,69000.0
VEN,2003,70000.0,63000.0,79000.0
VEN,2004,79000.0,71000.0,89000.0
VEN,2005,87000.0,76000.0,99000.0
VEN,2006,94000.0,81000.0,110000.0
VEN,2007,98000.0,85000.0,110000.0
VEN,2008,100000.0,88000.0,110000.0
VEN,2009,100000.0,90000.0,110000.0
VEN,2010,100000.0,91000.0,110000.0
VEN,2011,100000.0,91000.0,110000.0
VEN,2012,100000.0,91000.0,110000.0
VEN,2013,100000.0,91000.0,110000.0
VEN,2014,100000.0,91000.0,110000.0
VEN,2015,100000.0,92000.0,110000.0
VEN,2016,100000.0,91000.0,110000.0
VEN,2017,99000.0,88000.0,110000.0
VEN,2018,93000.0,82000.0,110000.0
VEN,2019,89000.0,77000.0,100000.0
VEN,2020,89000.0,75000.0,100000.0
VEN,2021,91000.0,74000.0,110000.0
VEN,2022,93000.0,75000.0,110000.0
VEN,2023,96000.0,75000.0,120000.0
VEN,2024,100000.0,76000.0,120000.0
VEN,2025,100000.0,78000.0,130000.0
VNM,2000,110000.0,92000.0,120000.0
VNM,2001,120000.0,100000.0,140000.0
VNM,2002,130000.0,120000.0,150000.0
VNM,2003,150000.0,130000.0,160000.0
VNM,2004,160000.0,140000.0,180000.0
VNM,2005,170000.0,150000.0,190000.0
VNM,2006,170000.0,150000.0,200000.0
VNM,2007,180000.0,160000.0,200000.0
VNM,2008,190000.0,170000.0,210000.0
VNM,2009,200000.0,180000.0,220000.0
VNM,2010,210000.0,180000.0,230000.0
VNM,2011,220000.0,190000.0,240000.0
VNM,2012,220000.0,200000.0,250000.0
VNM,2013,230000.0,200000.0,250000.0
VNM,2014,240000.0,210000.0,260000.0
VNM,2015,240000.0,210000.0,270000.0
VNM,2016,250000.0,220000.0,280000.0
VNM,2017,250000.0,230000.0,280000.0
VNM,2018,260000.0,230000.0,290000.0
VNM,2019,260000.0,230000.0,290000.0
VNM,2020,270000.0,240000.0,300000.0
VNM,2021,270000.0,240000.0,300000.0
VNM,2022,270000.0,240000.0,300000.0
VNM,2023,270000.0,240000.0,300000.0
VNM,2024,270000.0,240000.0,310000.0
VNM,2025,270000.0,240000.0,310000.0
YEM,2000,1800.0,1600.0,1900.0
YEM,2001,2000.0,1800.0,2200.0
YEM,2002,2300.0,2100.0,2500.0
YEM,2003,2600.0,2400.0,2800.0
YEM,2004,3000.0,2800.0,3200.0
YEM,2005,3400.0,3100.0,3600.0
YEM,2006,3800.0,3600.0,4000.0
YEM,2007,4200.0,4000.0,4500.0
YEM,2008,4800.0,4500.0,5000.0
YEM,2009,5300.0,5000.0,5600.0
YEM,2010,5900.0,5600.0,6200.0
YEM,2011,6500.0,6200.0,6800.0
YEM,2012,7200.0,6800.0,7500.0
YEM,2013,7800.0,7400.0,8100.0
YEM,2014,8500.0,8000.0,8800.0
YEM,2015,9200.0,8600.0,9500.0
YEM,2016,9800.0,9200.0,10000.0
YEM,2017,10000.0,9800.0,11000.0
YEM,2018,11000.0,10000.0,12000.0
YEM,2019,12000.0,11000.0,12000.0
YEM,2020,12000.0,11000.0,13000.0
YEM,2021,13000.0,12000.0,14000.0
YEM,2022,13000.0,13000.0,14000.0
YEM,2023,14000.0,13000.0,15000.0
YEM,2024,15000.0,13000.0,16000.0
YEM,2025,15000.0,14000.0,16000.0
ZAF,2000,3400000.0,2200000.0,4500000.0
ZAF,2001,3600000.0,2400000.0,4900000.0
ZAF,2002,3900000.0,2600000.0,5200000.0
ZAF,2003,4100000.0,2700000.0,5500000.0
ZAF,2004,4300000.0,2900000.0,5700000.0
ZAF,2005,4500000.0,3000000.0,6000000.0
ZAF,2006,4700000.0,3100000.0,6200000.0
ZAF,2007,4900000.0,3200000.0,6500000.0
ZAF,2008,5100000.0,3400000.0,6800000.0
ZAF,2009,5300000.0,3500000.0,7000000.0
ZAF,2010,5500000.0,3700000.0,7200000.0
ZAF,2011,5700000.0,3800000.0,7500000.0
ZAF,2012,5900000.0,4000000.0,7700000.0
ZAF,2013,6100000.0,4100000.0,8000000.0
ZAF,2014,6300000.0,4300000.0,8200000.0
ZAF,2015,6500000.0,4400000.0,8400000.0
ZAF,2016,6700000.0,4500000.0,8600000.0
ZAF,2017,6800000.0,4600000.0,8800000.0
ZAF,2018,7000000.0,4700000.0,9000000.0
ZAF,2019,7100000.0,4800000.0,9100000.0
ZAF,2020,7200000.0,4800000.0,9300000.0
ZAF,2021,7300000.0,4900000.0,9400000.0
ZAF,2022,7400000.0,5000000.0,9500000.0
ZAF,2023,7400000.0,5000000.0,9600000.0
ZAF,2024,7500000.0,5100000.0,9700000.0
ZAF,2025,7600000.0,5100000.0,9700000.0
ZMB,2000,870000.0,830000.0,920000.0
ZMB,2001,900000.0,850000.0,950000.0
ZMB,2002,910000.0,870000.0,970000.0
ZMB,2003,930000.0,890000.0,980000.0
ZMB,2004,950000.0,910000.0,990000.0
ZMB,2005,960000.0,920000.0,1000000.0
ZMB,2006,980000.0,940000.0,1000000.0
ZMB,2007,1000000.0,970000.0,1000000.0
ZMB,2008,1000000.0,990000.0,1100000.0
ZMB,2009,1100000.0,1000000.0,1100000.0
ZMB,2010,1100000.0,1000000.0,1100000.0
ZMB,2011,1100000.0,1100000.0,1200000.0
ZMB,2012,1100000.0,1100000.0,1200000.0
ZMB,2013,1200000.0,1100000.0,1200000.0
ZMB,2014,1200000.0,1200000.0,1300000.0
ZMB,2015,1200000.0,1200000.0,1300000.0
ZMB,2016,1300000.0,1200000.0,1300000.0
ZMB,2017,1300000.0,1200000.0,1400000.0
ZMB,2018,1300000.0,1200000.0,1400000.0
ZMB,2019,1300000.0,1300000.0,1400000.0
ZMB,2020,1300000.0,1300000.0,1400000.0
ZMB,2021,1300000.0,1300000.0,1400000.0
ZMB,2022,1300000.0,1300000.0,1400000.0
ZMB,2023,1300000.0,1300000.0,1400000.0
ZMB,2024,1300000.0,1200000.0,1400000.0
ZMB,2025,1300000.0,1200000.0,1400000.0
ZWE,2000,1800000.0,1700000.0,2000000.0
ZWE,2001,1800000.0,1700000.0,2000000.0
ZWE,2002,1700000.0,1600000.0,1900000.0
ZWE,2003,1700000.0,1600000.0,1800000.0
ZWE,2004,1600000.0,1500000.0,1800000.0
ZWE,2005,1500000.0,1500000.0,1700000.0
ZWE,2006,1500000.0,1400000.0,1600000.0
ZWE,2007,1400000.0,1400000.0,1600000.0
ZWE,2008,1400000.0,1300000.0,1600000.0
ZWE,2009,1400000.0,1300000.0,1500000.0
ZWE,2010,1400000.0,1300000.0,1500000.0
ZWE,2011,1400000.0,1300000.0,1500000.0
ZWE,2012,1400000.0,1300000.0,1500000.0
ZWE,2013,1400000.0,1300000.0,1600000.0
ZWE,2014,1400000.0,1300000.0,1600000.0
ZWE,2015,1400000.0,1300000.0,1600000.0
ZWE,2016,1400000.0,1300000.0,1600000.0
ZWE,2017,1400000.0,1300000.0,1600000.0
ZWE,2018,1400000.0,1300000.0,1600000.0
ZWE,2019,1400000.0,1300000.0,1600000.0
ZWE,2020,1400000.0,1300000.0,1500000.0
ZWE,2021,1400000.0,1300000.0,1500000.0
ZWE,2022,1300000.0,1300000.0,1500000.0
ZWE,2023,1300000.0,1300000.0,1500000.0
ZWE,2024,1300000.0,1300000.0,1500000.0
ZWE,2025,1300000.0,1200000.0,1500000.0
