iso3,year,value,low,high
AFG,2000,84.47579881,54.25512883,130.1220417
AFG,2001,83.83453346,54.22209176,128.1355109
AFG,2002,83.78813399,55.50926617,127.6064756
AFG,2003,70.81400733,46.16021887,109.1417015
AFG,2004,39.41327514,26.39863434,58.92526626
AFG,2005,28.41896717,16.69160487,45.66593462
AFG,2006,21.30559806,11.24933423,36.54535074
AFG,2007,22.62627923,11.9064867,38.77185278
AFG,2008,19.70536804,10.32556072,34.68417852
AFG,2009,12.96714173,7.047951654,21.45889929
AFG,2010,13.37215945,7.611003257,21.03162056
AFG,2011,15.99025859,8.824262151,25.21942864
AFG,2012,9.351786144,5.152789537,15.09431295
AFG,2013,11.45327126,5.861166532,18.28055387
AFG,2014,12.60514093,8.726737274,17.515939
AFG,2015,14.09739894,9.667464512,19.68083471
AFG,2016,27.36697834,19.86799032,36.7511686
AFG,2017,28.99223169,22.05683508,37.09223544
AFG,2018,22.3310996,17.10178794,28.56949496
AFG,2019,14.14675946,10.916378,17.96388176
AFG,2020,8.392366384,6.448113843,10.63925134
AFG,2021,6.256812709,4.817815726,7.93026127
AFG,2022,9.187186104,7.087696158,11.67958478
AFG,2023,13.25697218,10.18462583,16.83479358
AFG,2024,17.76269535,13.67089787,22.63151281
AGO,2000,326.5394321,224.1922441,457.1383678
AGO,2001,330.8045933,223.5012277,474.3204419
AGO,2002,315.6971967,214.3326402,455.7211246
AGO,2003,319.2875031,221.664606,445.1004926
AGO,2004,312.6468683,220.4314749,432.5135643
AGO,2005,313.8731419,229.4678754,423.7520489
AGO,2006,299.9049376,228.1622467,386.8899841
AGO,2007,269.5338238,207.0278591,343.109601
AGO,2008,228.0570314,172.7929417,296.1978295
AGO,2009,193.5096554,145.8346734,251.3287609
AGO,2010,170.3617864,129.1448755,219.719428
AGO,2011,157.062634,117.605634,205.0635002
AGO,2012,153.0532906,113.4606981,201.9277819
AGO,2013,158.1038401,115.8460377,211.6336934
AGO,2014,163.8586153,120.2876343,216.9898282
AGO,2015,174.4717751,133.5345612,224.2944104
AGO,2016,189.7796222,146.7869008,240.669909
AGO,2017,215.3145581,167.481851,271.8965479
AGO,2018,232.4429808,170.3561458,312.9221059
AGO,2019,243.1031771,160.147561,352.1128561
AGO,2020,244.5295723,153.7013919,365.0353305
AGO,2021,258.6080753,169.5137743,375.1996182
AGO,2022,260.0909908,161.3792134,393.0457942
AGO,2023,255.4718915,157.5463948,395.4405251
AGO,2024,258.8999127,160.2673501,392.1348707
ARE,2012,0.0,0.0,0.0
ARE,2013,0.0,0.0,0.0
ARE,2014,0.0,0.0,0.0
ARE,2015,0.0,0.0,0.0
ARE,2016,0.0,0.0,0.0
ARE,2017,0.0,0.0,0.0
ARE,2018,0.0,0.0,0.0
ARE,2019,0.0,0.0,0.0
ARE,2020,0.0,0.0,0.0
ARE,2021,0.0,0.0,0.0
ARE,2022,0.0,0.0,0.0
ARE,2023,0.0,0.0,0.0
ARE,2024,0.0,0.0,0.0
ARG,2000,2.364714165,2.364714165,2.364714165
ARG,2001,1.142863218,1.142863218,1.142863218
ARG,2002,0.657389585,0.657389585,0.657389585
ARG,2003,0.64542658,0.64542658,0.64542658
ARG,2004,0.597694753,0.597694753,0.597694753
ARG,2005,1.178072551,1.178072551,1.178072551
ARG,2006,0.868204533,0.868204533,0.868204533
ARG,2007,1.639319682,1.639319682,1.639319682
ARG,2008,0.51949337,0.51949337,0.51949337
ARG,2009,0.450375476,0.450375476,0.450375476
ARG,2010,0.261573413,0.261573413,0.261573413
ARG,2011,0.0,0.0,0.0
ARG,2012,0.0,0.0,0.0
ARG,2013,0.0,0.0,0.0
ARG,2014,0.0,0.0,0.0
ARG,2015,0.0,0.0,0.0
ARG,2016,0.0,0.0,0.0
ARG,2017,0.0,0.0,0.0
ARG,2018,0.0,0.0,0.0
ARG,2019,0.0,0.0,0.0
ARG,2020,0.0,0.0,0.0
ARG,2021,0.0,0.0,0.0
ARG,2022,0.0,0.0,0.0
ARG,2023,0.0,0.0,0.0
ARG,2024,0.0,0.0,0.0
ARM,2000,0.045110935,0.045110935,0.045110935
ARM,2001,0.025613185,0.025613185,0.025613185
ARM,2002,0.017017767,0.017017767,0.017017767
ARM,2003,0.009542713,0.009542713,0.009542713
ARM,2004,0.01554983,0.01554983,0.01554983
ARM,2005,0.002328404,0.002328404,0.002328404
ARM,2006,0.0,0.0,0.0
ARM,2007,0.0,0.0,0.0
ARM,2008,0.0,0.0,0.0
ARM,2009,0.0,0.0,0.0
ARM,2010,0.0,0.0,0.0
ARM,2011,0.0,0.0,0.0
ARM,2012,0.0,0.0,0.0
ARM,2013,0.0,0.0,0.0
ARM,2014,0.0,0.0,0.0
ARM,2015,0.0,0.0,0.0
ARM,2016,0.0,0.0,0.0
ARM,2017,0.0,0.0,0.0
ARM,2018,0.0,0.0,0.0
ARM,2019,0.0,0.0,0.0
ARM,2020,0.0,0.0,0.0
ARM,2022,0.0,0.0,0.0
ARM,2023,0.0,0.0,0.0
ARM,2024,0.0,0.0,0.0
AZE,2000,8.116157856,8.116157856,8.116157856
AZE,2001,5.553506507,5.553506507,5.553506507
AZE,2002,2.637061947,2.637061947,2.637061947
AZE,2003,2.484317744,2.484317744,2.484317744
AZE,2004,1.976780511,1.976780511,1.976780511
AZE,2005,1.223854028,1.223854028,1.223854028
AZE,2006,0.703729768,0.703729768,0.703729768
AZE,2007,0.531886078,0.531886078,0.531886078
AZE,2008,0.350058343,0.350058343,0.350058343
AZE,2009,0.374882849,0.374882849,0.374882849
AZE,2010,0.237668566,0.237668566,0.237668566
AZE,2011,0.018788958,0.018788958,0.018788958
AZE,2012,0.013911302,0.013911302,0.013911302
AZE,2013,0.0,0.0,0.0
AZE,2014,0.0,0.0,0.0
AZE,2015,0.0,0.0,0.0
AZE,2016,0.0,0.0,0.0
AZE,2017,0.0,0.0,0.0
AZE,2018,0.0,0.0,0.0
AZE,2019,0.0,0.0,0.0
AZE,2020,0.0,0.0,0.0
AZE,2021,0.0,0.0,0.0
AZE,2022,0.0,0.0,0.0
AZE,2023,0.0,0.0,0.0
BDI,2000,427.481375,302.289638,579.1310244
BDI,2001,416.1189503,309.3954583,548.4070668
BDI,2002,388.125259,288.5997516,506.1301972
BDI,2003,343.447836,257.3725138,447.7951746
BDI,2004,295.9728922,219.0084481,390.9621312
BDI,2005,284.4830552,209.9455089,377.368323
BDI,2006,287.7828189,211.2257623,381.6777913
BDI,2007,287.9413478,205.3111118,392.8954858
BDI,2008,288.7748443,205.4149001,394.8712336
BDI,2009,281.5607906,204.7340613,379.5297841
BDI,2010,259.3396814,189.8539361,344.5498981
BDI,2011,245.350113,184.3084024,318.6796266
BDI,2012,232.2408628,177.5863921,298.7498867
BDI,2013,234.9596814,173.9891028,309.5428542
BDI,2014,250.8557346,185.5332074,331.5431094
BDI,2015,284.9989772,219.9217498,363.8049261
BDI,2016,321.3045726,256.7899113,397.6015377
BDI,2017,346.2885562,281.9285912,421.1705191
BDI,2018,350.8209405,280.4832304,432.224157
BDI,2019,345.2803742,268.3678277,440.3950043
BDI,2020,345.1356563,259.5303108,447.6965806
BDI,2021,349.9654968,247.2358681,483.5974963
BDI,2022,342.3091957,224.7155546,499.3741094
BDI,2023,323.249095,207.1595358,487.7931336
BDI,2024,314.8994439,188.0255526,497.3526006
BEN,2000,416.003669,311.3651454,540.5272177
BEN,2001,434.2657055,325.667821,570.030099
BEN,2002,453.4631693,342.6814225,589.4120014
BEN,2003,473.3026499,368.0947312,599.6073332
BEN,2004,495.5529376,392.8577456,611.5447101
BEN,2005,510.1660392,408.5204524,627.8446348
BEN,2006,508.9275094,409.8286318,624.8013313
BEN,2007,496.751999,394.7956124,615.2760664
BEN,2008,473.5126076,372.3649738,590.8289308
BEN,2009,448.5608643,354.6153536,556.8659791
BEN,2010,417.0712603,332.6538681,519.5534869
BEN,2011,382.9891408,301.8670229,480.1837953
BEN,2012,365.180444,287.1751444,456.3219964
BEN,2013,362.1389931,279.104852,462.2210679
BEN,2014,369.1138615,284.8999338,470.6866671
BEN,2015,390.7645149,310.2760059,486.1990294
BEN,2016,415.9183733,335.9661219,510.7936007
BEN,2017,415.7384105,336.5913497,510.3474897
BEN,2018,407.709079,323.7784946,507.2398944
BEN,2019,399.9118393,307.5886116,511.2915724
BEN,2020,377.0054542,281.1681375,491.1857146
BEN,2021,378.2004988,277.2783139,502.1958182
BEN,2022,376.601112,266.2502598,521.3034231
BEN,2023,361.2623993,243.4060998,516.3945941
BEN,2024,354.253113,227.8638848,527.484627
BFA,2000,597.1736302,475.653033,740.8541496
BFA,2001,597.5415537,477.0620474,735.9322561
BFA,2002,592.4686237,474.9367375,725.1720659
BFA,2003,582.1431203,467.0514622,716.4686851
BFA,2004,559.009411,448.1488268,687.4108507
BFA,2005,528.5194511,417.667006,660.6084496
BFA,2006,511.160343,401.5846851,640.8883596
BFA,2007,519.2678256,409.3066028,648.8723539
BFA,2008,549.647587,443.0091788,674.6998167
BFA,2009,568.5942101,454.9623092,697.2176929
BFA,2010,568.369186,457.420064,696.0914671
BFA,2011,554.6817927,447.4540461,677.819365
BFA,2012,533.3901652,429.7884857,654.1561543
BFA,2013,487.1444339,392.2744524,598.6742423
BFA,2014,446.1424833,358.4627996,548.5989643
BFA,2015,417.9542768,330.7179829,520.5577775
BFA,2016,373.1719736,276.7622242,494.1937035
BFA,2017,356.5617211,246.601565,502.8610001
BFA,2018,356.2296901,239.3302426,507.9776569
BFA,2019,356.4877927,241.5595396,512.9091616
BFA,2020,378.1741521,250.2334209,545.5951571
BFA,2021,378.5779953,251.2821159,547.8608465
BFA,2022,356.2663849,237.6015399,514.8115846
BFA,2023,353.4888665,233.727555,508.228683
BFA,2024,353.4888665,233.8741926,512.0482611
BGD,2000,6.616747152,2.920827105,10.53252946
BGD,2001,6.616702382,2.930609272,10.44603732
BGD,2002,6.616747199,2.860930696,10.5526138
BGD,2003,6.616724627,2.870286685,10.43428854
BGD,2004,6.616721679,2.844464055,10.70667798
BGD,2005,6.616736101,2.930785459,10.57164573
BGD,2006,4.343902128,2.568276123,6.559023489
BGD,2007,7.959009942,4.852858292,11.5786769
BGD,2008,7.51405436,5.966457631,9.331567434
BGD,2009,4.957225838,4.189607077,5.794633714
BGD,2010,4.225303083,3.599908601,4.8939111
BGD,2011,3.832158791,3.279916085,4.414007207
BGD,2012,2.116749427,1.847000753,2.40445382
BGD,2013,1.872846447,1.663237501,2.106525448
BGD,2014,3.89299269,3.511175539,4.320596882
BGD,2015,2.647646245,2.398063465,2.926688877
BGD,2016,1.824561023,1.65855257,2.01837988
BGD,2017,1.906934,1.738559011,2.103056821
BGD,2018,0.703458625,0.620838979,0.792208071
BGD,2019,1.192951693,1.014979528,1.382008261
BGD,2020,0.420991407,0.358330923,0.488062676
BGD,2021,0.496661674,0.423273464,0.576468464
BGD,2022,1.229878145,1.046850847,1.424957164
BGD,2023,1.102654564,0.939008364,1.279671316
BGD,2024,0.860524973,0.734941308,0.998247194
BLZ,2000,8.94367172,8.94367172,8.94367172
BLZ,2001,6.780214843,6.780214843,6.780214843
BLZ,2002,6.419655241,6.419655241,6.419655241
BLZ,2003,7.274405521,7.274405521,7.274405521
BLZ,2004,5.686394794,5.686394794,5.686394794
BLZ,2005,8.025324588,8.025324588,8.025324588
BLZ,2006,4.24897803,4.24897803,4.24897803
BLZ,2007,4.135912446,4.135912446,4.135912446
BLZ,2008,2.571318372,2.571318372,2.571318372
BLZ,2009,1.186817059,1.186817059,1.186817059
BLZ,2010,0.678828252,0.678828252,0.678828252
BLZ,2011,0.318816835,0.318816835,0.318816835
BLZ,2012,0.143015017,0.143015017,0.143015017
BLZ,2013,0.084845708,0.084845708,0.084845708
BLZ,2014,0.078918075,0.078918075,0.078918075
BLZ,2015,0.036604859,0.036604859,0.036604859
BLZ,2016,0.015895345,0.015895345,0.015895345
BLZ,2017,0.027183516,0.027183516,0.027183516
BLZ,2018,0.011434844,0.011434844,0.011434844
BLZ,2019,0.0,0.0,0.0
BLZ,2020,0.0,0.0,0.0
BLZ,2021,0.0,0.0,0.0
BLZ,2022,0.0,0.0,0.0
BLZ,2023,0.0,0.0,0.0
BLZ,2024,0.0,0.0,0.0
BOL,2000,11.69107611,8.560267809,14.91896002
BOL,2001,5.62347687,4.220251921,7.082130716
BOL,2002,4.895706202,3.756472546,6.071847114
BOL,2003,6.71402627,5.247147428,8.245706133
BOL,2004,4.838939888,3.778981912,5.945099609
BOL,2005,6.427589656,5.030031603,7.912527465
BOL,2006,5.959204612,4.66164464,7.327822693
BOL,2007,4.505682339,3.523923082,5.533860434
BOL,2008,2.955893416,2.307202355,3.61622009
BOL,2009,2.936566079,2.293311984,3.606888342
BOL,2010,4.039248183,3.158185956,4.970354529
BOL,2011,2.061768716,1.611070974,2.52992653
BOL,2012,2.106187218,1.645872749,2.590612375
BOL,2013,2.250340357,1.707042868,2.84047695
BOL,2014,2.233728818,1.700795337,2.825207774
BOL,2015,1.864103176,1.459658826,2.288554366
BOL,2016,1.480666848,1.157325486,1.821555394
BOL,2017,1.203684148,0.940204586,1.477257559
BOL,2018,1.386515728,1.084274835,1.702355544
BOL,2019,2.389821107,1.871398578,2.930717851
BOL,2020,3.079075494,2.409195627,3.774343836
BOL,2021,2.488357291,1.948617712,3.055979176
BOL,2022,2.55281854,1.988846773,3.139974105
BOL,2023,2.509538135,1.960999725,3.08237982
BOL,2024,3.828432253,2.992427659,4.690721805
BRA,2000,21.53558919,18.20435971,25.10045092
BRA,2001,13.05183494,11.34971334,14.90626948
BRA,2002,11.23737923,10.01989391,12.59331861
BRA,2003,12.69966336,11.57284509,14.0140041
BRA,2004,13.9346398,12.96152482,15.14598353
BRA,2005,17.55792031,16.62457533,18.87684146
BRA,2006,15.41763151,14.81156134,16.43356541
BRA,2007,13.96473833,12.49760882,15.11214237
BRA,2008,8.68670733,8.344351917,9.271218419
BRA,2009,8.433936926,8.098405967,9.014763557
BRA,2010,9.918850737,8.855684669,10.7318667
BRA,2011,7.164579516,6.883190469,7.651322998
BRA,2012,6.457888422,6.204943721,6.887831736
BRA,2013,4.906270353,4.383062297,5.306409029
BRA,2014,3.609276643,3.466577526,3.842429257
BRA,2015,4.020236183,3.594418064,4.346911974
BRA,2016,3.200279095,3.074930872,3.419026566
BRA,2017,5.316185021,4.75691147,5.753655553
BRA,2018,5.229784588,4.669510874,5.658253093
BRA,2019,4.242111868,3.800446047,4.592238662
BRA,2020,3.945238308,3.531701608,4.270394735
BRA,2021,3.474576532,3.336866076,3.711273302
BRA,2022,3.212530476,3.084025743,3.425315237
BRA,2023,3.813696312,3.415810136,4.126169722
BRA,2024,3.753812822,3.359697679,4.061004803
BTN,2000,13.43739104,13.43739104,13.43739104
BTN,2001,13.23489392,13.23489392,13.23489392
BTN,2002,14.09118257,14.09118257,14.09118257
BTN,2003,8.065780829,8.065780829,8.065780829
BTN,2004,5.546300182,5.546300182,5.546300182
BTN,2005,3.726162767,3.726162767,3.726162767
BTN,2006,3.763162507,3.763162507,3.763162507
BTN,2007,1.579071036,1.579071036,1.579071036
BTN,2008,0.647765308,0.647765308,0.647765308
BTN,2009,2.058218171,2.058218171,2.058218171
BTN,2010,0.839742145,0.839742145,0.839742145
BTN,2011,0.369567454,0.369567454,0.369567454
BTN,2012,0.154487873,0.154487873,0.154487873
BTN,2013,0.02794847,0.02794847,0.02794847
BTN,2014,0.035021557,0.035021557,0.035021557
BTN,2015,0.062037343,0.062037343,0.062037343
BTN,2016,0.027104189,0.027104189,0.027104189
BTN,2017,0.019705951,0.019705951,0.019705951
BTN,2018,0.01067196,0.01067196,0.01067196
BTN,2019,0.003533762,0.003533762,0.003533762
BTN,2020,0.038609768,0.038609768,0.038609768
BTN,2021,0.015684197,0.015684197,0.015684197
BTN,2022,0.0,0.0,0.0
BTN,2023,0.0,0.0,0.0
BTN,2024,0.0,0.0,0.0
BWA,2000,17.22551887,11.75824205,30.61872848
BWA,2001,6.785648217,4.122613836,12.78596535
BWA,2002,3.169246038,1.780842228,6.349752149
BWA,2003,1.583314717,0.636192672,3.828347109
BWA,2004,1.016608783,0.207828889,3.013143299
BWA,2005,1.201835381,0.69191614,2.331527848
BWA,2006,3.864766175,2.572467383,6.277971879
BWA,2007,1.019660829,0.387502683,2.531019945
BWA,2008,1.900539221,0.920489081,3.767101566
BWA,2009,2.060198094,1.007746769,4.046179049
BWA,2010,1.653670012,0.985228253,2.95134471
BWA,2011,0.496104272,0.381171024,0.683052656
BWA,2012,0.217458171,0.167385566,0.321179997
BWA,2013,0.510840745,0.398103477,0.68558351
BWA,2014,1.441645643,1.122205857,1.928478821
BWA,2015,0.311489158,0.240291636,0.418970032
BWA,2016,0.665491819,0.515654919,0.969907081
BWA,2017,1.955008195,1.505832086,2.671018301
BWA,2018,0.530740991,0.409372532,0.735427256
BWA,2019,0.167515671,0.129355731,0.230253201
BWA,2020,1.133538195,0.782256111,1.739212899
BWA,2021,0.67332158,0.514412662,0.937138647
BWA,2022,0.339391901,0.260262278,0.480990653
BWA,2023,0.471310279,0.361236524,0.658025167
BWA,2024,0.200423102,0.153159147,0.278797509
CAF,2000,438.1199432,272.29623,669.8450742
CAF,2001,438.5066209,270.6491691,683.0693022
CAF,2002,447.8468587,273.5875271,693.9182959
CAF,2003,455.2373506,276.9923845,701.7142707
CAF,2004,461.2717055,286.065514,708.1308108
CAF,2005,465.2595942,296.2773823,700.8383269
CAF,2006,467.9287341,303.0226068,684.8246485
CAF,2007,467.5929972,313.591581,672.2612133
CAF,2008,465.7435661,312.1775185,669.6978526
CAF,2009,463.5486149,309.065546,670.1793601
CAF,2010,453.1091176,292.4791704,674.2904009
CAF,2011,443.0376114,276.8495862,681.1752838
CAF,2012,434.7887851,260.7197635,681.9502996
CAF,2013,427.3188181,252.6056513,675.4791306
CAF,2014,420.3927079,245.5095863,672.4443954
CAF,2015,410.3099375,232.4329167,672.0584881
CAF,2016,395.974638,221.7459383,656.3228003
CAF,2017,387.4411444,207.4041621,658.1849104
CAF,2018,385.2609437,200.8294188,686.5732414
CAF,2019,383.2927883,193.031447,689.631622
CAF,2020,376.0841264,184.8594575,694.6301278
CAF,2021,364.2528511,174.2769557,691.062577
CAF,2022,354.5004265,169.7585778,661.8623553
CAF,2023,345.9834408,166.0140478,641.0697643
CAF,2024,343.843732,168.8237721,638.2811303
CHN,2000,0.015114012,0.015114012,0.015114012
CHN,2001,0.039711034,0.039711034,0.039711034
CHN,2002,0.047417894,0.047417894,0.047417894
CHN,2003,0.052625354,0.052625354,0.052625354
CHN,2004,0.04994267,0.04994267,0.04994267
CHN,2005,0.040037998,0.040037998,0.040037998
CHN,2006,0.064188413,0.064188413,0.064188413
CHN,2007,0.052849349,0.052849349,0.052849349
CHN,2008,0.02984777,0.02984777,0.02984777
CHN,2009,0.016540514,0.016540514,0.016540514
CHN,2010,0.008827951,0.008827951,0.008827951
CHN,2011,0.002299238,0.002299238,0.002299238
CHN,2012,0.000426007,0.000426007,0.000426007
CHN,2013,0.000143915,0.000143915,0.000143915
CHN,2014,9.1e-05,9.1e-05,9.1e-05
CHN,2015,6.7e-05,6.7e-05,6.7e-05
CHN,2016,2e-06,2e-06,2e-06
CHN,2017,0.0,0.0,0.0
CHN,2018,0.0,0.0,0.0
CHN,2019,0.0,0.0,0.0
CHN,2020,0.0,0.0,0.0
CHN,2022,0.0,0.0,0.0
CHN,2024,0.0,0.0,0.0
CIV,2000,490.516924,388.3822968,610.0391158
CIV,2001,502.2425708,401.0459289,622.2632013
CIV,2002,506.3207691,408.6374687,621.6766223
CIV,2003,509.6137406,415.2080514,620.8211773
CIV,2004,500.357285,407.3463473,606.1368028
CIV,2005,466.3436756,380.822848,565.6856441
CIV,2006,425.6100779,348.3638378,514.7028039
CIV,2007,391.5072534,318.50056,476.5061488
CIV,2008,392.9658771,321.4918256,479.7827417
CIV,2009,426.164242,349.5149909,514.3595145
CIV,2010,458.1223177,375.9838719,553.8472698
CIV,2011,461.5794301,379.9139394,557.1371141
CIV,2012,375.1917047,300.3035423,468.5273556
CIV,2013,287.3865774,216.4923229,374.6774771
CIV,2014,243.2454812,174.1912981,332.7289741
CIV,2015,242.1159469,160.0412309,353.2421994
CIV,2016,258.1034563,161.1700234,392.0457757
CIV,2017,268.5383373,171.1950758,402.779656
CIV,2018,280.2152564,189.9177108,400.7790158
CIV,2019,292.7641743,211.0393892,395.0140618
CIV,2020,295.6638508,221.8251167,384.9875952
CIV,2021,283.6400432,217.8976139,366.0719397
CIV,2022,280.8684138,204.8343186,375.6456053
CIV,2023,269.2543208,185.7932309,377.7769143
CIV,2024,267.9490628,178.2778362,388.4717441
CMR,2000,394.8475624,304.0553609,500.8513655
CMR,2001,426.2919927,335.6753001,532.9412051
CMR,2002,437.1739656,348.2198848,542.5315603
CMR,2003,441.4048838,350.6514869,545.5220744
CMR,2004,438.7336145,347.5534251,551.2102625
CMR,2005,435.5784389,346.0327475,541.6784917
CMR,2006,425.9482658,339.3923109,527.1283924
CMR,2007,409.947736,321.2906282,515.0003524
CMR,2008,391.6347619,305.4367056,494.9271796
CMR,2009,351.1498107,271.0673861,448.0197589
CMR,2010,295.6715724,225.970281,379.6385331
CMR,2011,266.5984688,202.7275689,342.4175982
CMR,2012,261.1390195,193.5544613,344.9403612
CMR,2013,271.0968165,190.2299025,371.7780073
CMR,2014,272.5068975,192.314004,374.6711351
CMR,2015,271.055607,195.674334,364.9242168
CMR,2016,268.5342273,197.4590394,356.0771157
CMR,2017,258.9845553,194.6409315,336.7422846
CMR,2018,248.9797082,189.8935135,319.9394023
CMR,2019,243.4369903,183.8744994,317.0954521
CMR,2020,264.811951,198.0330026,345.8377565
CMR,2021,270.6524929,207.3611349,346.1296223
CMR,2022,265.0342957,204.6063685,336.9445549
CMR,2023,259.0790925,198.7384135,332.9362901
CMR,2024,260.4594815,190.286276,349.3959259
COD,2000,458.2441823,368.4813254,562.7004697
COD,2001,457.5992747,365.0188061,564.2021858
COD,2002,460.7039366,366.4883714,566.8550766
COD,2003,467.3582712,375.3229351,577.8331337
COD,2004,467.6217957,375.0533271,577.4374185
COD,2005,468.3312791,377.3933457,580.3412609
COD,2006,464.8020197,376.065307,568.5721926
COD,2007,448.3178588,363.6136564,546.9200484
COD,2008,429.8277221,349.3524876,522.8705954
COD,2009,405.2270097,327.360102,494.640925
COD,2010,381.318348,307.0639385,467.4500777
COD,2011,360.232861,287.8369833,447.1753194
COD,2012,335.7967412,264.6808564,419.6588975
COD,2013,310.4858404,244.5488162,388.0534292
COD,2014,297.362933,231.9887451,377.4171433
COD,2015,303.0394902,233.8963868,385.0363682
COD,2016,310.2763857,237.6846296,399.3548054
COD,2017,324.0694053,248.6514826,412.3534701
COD,2018,337.4244232,260.6853258,427.1135401
COD,2019,339.7696948,263.5523299,432.1087228
COD,2020,338.9196758,258.7575559,435.739004
COD,2021,338.0367627,259.4746485,435.7402049
COD,2022,327.9426594,247.4510388,422.2856381
COD,2023,325.2947774,246.4222286,420.4573864
COD,2024,321.8929684,243.1034179,416.9310771
COG,2000,349.6005674,247.7560216,480.6952349
COG,2001,349.0573216,238.2471917,495.6388881
COG,2002,327.0412472,214.7856015,477.8983264
COG,2003,327.9092633,214.3853141,476.2907923
COG,2004,325.7928501,209.0279379,481.0163231
COG,2005,309.0220656,192.6722483,468.9215338
COG,2006,286.8445871,184.4742638,426.943792
COG,2007,254.971699,171.5706595,362.2723236
COG,2008,226.4142825,153.5934092,322.8552052
COG,2009,214.4468667,143.938105,307.8175398
COG,2010,214.4367578,138.5772384,315.9158358
COG,2011,215.6782055,137.6943446,319.3021589
COG,2012,215.8993345,138.3225379,322.9548988
COG,2013,218.1901172,138.1235795,325.4109243
COG,2014,213.0581927,136.6423427,316.4187189
COG,2015,210.6150369,131.0408665,318.5606454
COG,2016,215.7471006,132.906092,332.0715501
COG,2017,235.8956093,149.0836031,362.8150877
COG,2018,249.7715716,155.3236544,380.8118665
COG,2019,245.939714,149.2441684,383.2523229
COG,2020,240.8405313,144.0523294,380.1714994
COG,2021,232.0199491,135.6862771,367.3208385
COG,2022,220.5201435,127.7853952,363.0601768
COG,2023,219.4629206,128.1115733,354.9940804
COG,2024,221.0209411,130.6455858,350.3440492
COL,2000,24.34909615,17.80939599,31.19676813
COL,2001,37.88137568,28.10126293,48.14743563
COL,2002,32.64437445,24.4739501,41.33329338
COL,2003,28.0503318,21.20578669,35.09801573
COL,2004,21.46991457,16.43914828,26.74325086
COL,2005,17.89430482,13.81577805,22.16231776
COL,2006,17.50199812,13.49453752,21.68854372
COL,2007,18.0937306,13.91722566,22.48325538
COL,2008,11.35102204,8.683396124,14.1206323
COL,2009,11.27965379,8.613261171,14.05858533
COL,2010,16.60040854,12.61663935,20.67974428
COL,2011,8.994987537,6.843478434,11.23970749
COL,2012,8.316945827,6.318014987,10.39692579
COL,2013,7.080597708,5.377732359,8.836413882
COL,2014,5.531412963,4.209076526,6.889441097
COL,2015,8.158827928,6.064676509,10.46808848
COL,2016,11.0024671,8.365838458,13.74661618
COL,2017,7.59806523,5.657040774,9.772876851
COL,2018,8.644840396,6.44781705,11.09845317
COL,2019,11.15898015,8.331781929,14.31791495
COL,2020,10.15320313,7.704179017,12.71743402
COL,2021,9.130514238,6.932156217,11.41607241
COL,2022,8.877480812,6.753450659,11.07607491
COL,2023,12.6616767,9.643556945,15.8556972
COL,2024,15.19151195,11.57980194,19.03472875
COM,2000,66.37081475,44.4915768,89.21446279
COM,2001,65.0707211,43.62048171,87.46756332
COM,2002,63.81022073,42.77691203,85.77389014
COM,2003,62.55561191,41.93598773,84.08784181
COM,2004,61.30662093,41.09839092,82.40859371
COM,2005,60.09344044,40.2850119,80.77755675
COM,2006,58.91000127,39.49050273,79.18604786
COM,2007,57.75084856,38.71452978,77.62843518
COM,2008,56.61147898,37.94968116,76.09640446
COM,2009,55.4905623,37.19933266,74.59026991
COM,2010,55.7971767,55.7971767,55.7971767
COM,2011,37.20646173,37.20646173,37.20646173
COM,2012,73.11895474,73.11895474,73.11895474
COM,2013,76.35250046,76.35250046,76.35250046
COM,2014,3.096266771,3.096266771,3.096266771
COM,2015,2.592605844,2.592605844,2.592605844
COM,2016,1.977779306,1.977779306,1.977779306
COM,2017,5.148882801,5.148882801,5.148882801
COM,2018,19.68143703,19.68143703,19.68143703
COM,2019,22.374132,22.374132,22.374132
COM,2020,5.667177369,5.667177369,5.667177369
COM,2021,12.87867862,12.87867862,12.87867862
COM,2022,24.78458093,24.78458093,24.78458093
COM,2023,24.75225985,24.75225985,24.75225985
COM,2024,62.78703204,62.78703204,62.78703204
CPV,2000,1.22176783,1.22176783,1.22176783
CPV,2001,0.894080685,0.894080685,0.894080685
CPV,2002,0.625869836,0.625869836,0.625869836
CPV,2003,0.552490677,0.552490677,0.552490677
CPV,2004,0.361051382,0.361051382,0.361051382
CPV,2005,0.539126298,0.539126298,0.539126298
CPV,2006,0.627013301,0.627013301,0.627013301
CPV,2007,0.139525149,0.139525149,0.139525149
CPV,2008,0.268503744,0.268503744,0.268503744
CPV,2009,0.493935986,0.493935986,0.493935986
CPV,2010,0.354601903,0.354601903,0.354601903
CPV,2011,0.052641078,0.052641078,0.052641078
CPV,2012,0.007512696,0.007512696,0.007512696
CPV,2013,0.165192449,0.165192449,0.165192449
CPV,2014,0.195189334,0.195189334,0.195189334
CPV,2015,0.052543874,0.052543874,0.052543874
CPV,2016,0.367691199,0.367691199,0.367691199
CPV,2017,3.172055912,3.172055912,3.172055912
CPV,2018,0.014982732,0.014982732,0.014982732
CPV,2019,0.0,0.0,0.0
CPV,2020,0.0,0.0,0.0
CPV,2021,0.0,0.0,0.0
CPV,2022,0.0,0.0,0.0
CPV,2023,0.0,0.0,0.0
CPV,2024,0.139226778,0.139226778,0.139226778
CRI,2000,1.363364601,1.363364601,1.363364601
CRI,2001,0.971398964,0.971398964,0.971398964
CRI,2002,0.715739827,0.715739827,0.715739827
CRI,2003,0.49565987,0.49565987,0.49565987
CRI,2004,0.876854643,0.876854643,0.876854643
CRI,2005,2.374225075,2.374225075,2.374225075
CRI,2006,1.919379451,1.919379451,1.919379451
CRI,2007,0.797737374,0.797737374,0.797737374
CRI,2008,0.621614021,0.621614021,0.621614021
CRI,2009,0.166357022,0.166357022,0.166357022
CRI,2010,0.068983423,0.068983423,0.068983423
CRI,2011,0.006197933,0.006197933,0.006197933
CRI,2012,0.004288228,0.004288228,0.004288228
CRI,2013,0.0,0.0,0.0
CRI,2014,0.0,0.0,0.0
CRI,2015,0.0,0.0,0.0
CRI,2016,0.002348177,0.002348177,0.002348177
CRI,2017,0.006978322,0.006978322,0.006978322
CRI,2018,0.040340334,0.040340334,0.040340334
CRI,2019,0.054290585,0.054290585,0.054290585
CRI,2020,0.051077972,0.051077972,0.051077972
CRI,2021,0.106719669,0.106719669,0.106719669
CRI,2022,0.228267244,0.228267244,0.228267244
CRI,2023,0.303872613,0.303872613,0.303872613
CRI,2024,0.133669884,0.133669884,0.133669884
DJI,2000,3.072651616,2.367833156,3.777470076
DJI,2001,3.072151474,2.366784113,3.775789994
DJI,2002,3.07232793,2.366681417,3.776298323
DJI,2003,3.071763543,2.366929859,3.776597227
DJI,2004,3.071703205,2.36793936,3.777081188
DJI,2005,3.071632764,2.367683817,3.777170761
DJI,2006,3.072828529,2.366950576,3.777148253
DJI,2007,3.072465978,2.368009759,3.776922197
DJI,2008,3.072543086,2.367516184,3.776076286
DJI,2009,3.929359307,3.929359307,3.929359307
DJI,2010,1.447794121,1.447794121,1.447794121
DJI,2011,3.071663239,2.367359677,3.777372596
DJI,2012,3.071800403,2.366955318,3.776645489
DJI,2013,2.280177486,2.280177486,2.280177486
DJI,2014,12.55257947,12.55257947,12.55257947
DJI,2015,12.38054661,12.38054661,12.38054661
DJI,2016,17.7625052,17.7625052,17.7625052
DJI,2017,18.72207017,18.72207017,18.72207017
DJI,2018,30.90846888,30.90846888,30.90846888
DJI,2019,60.50874279,60.50874279,60.50874279
DJI,2020,88.72444806,88.72444806,88.72444806
DJI,2021,70.06761056,70.06761056,70.06761056
DJI,2022,47.66807782,47.66807782,47.66807782
DJI,2023,45.04206501,45.04206501,45.04206501
DJI,2024,45.09456932,45.09456932,45.09456932
DOM,2000,0.322311643,0.273457319,0.376876212
DOM,2001,0.273769774,0.226927037,0.32415174
DOM,2002,0.34557099,0.279943265,0.413254709
DOM,2003,0.400872904,0.32647995,0.479106799
DOM,2004,0.607358973,0.495099255,0.726602522
DOM,2005,0.974153829,0.794870165,1.160128651
DOM,2006,0.881385184,0.723372353,1.05319213
DOM,2007,0.66777194,0.548348666,0.794299171
DOM,2008,0.448505245,0.367527765,0.533275581
DOM,2009,0.396041829,0.323949108,0.472071561
DOM,2010,0.591960139,0.48381002,0.705476167
DOM,2011,0.381143822,0.311778567,0.455985281
DOM,2012,0.222102718,0.180999293,0.265910316
DOM,2013,0.109172522,0.088691543,0.130900169
DOM,2014,0.099612847,0.084829315,0.115452346
DOM,2015,0.134140333,0.115176265,0.154670241
DOM,2016,0.143841865,0.124399125,0.165349321
DOM,2017,0.069781176,0.060590485,0.07965266
DOM,2018,0.086883753,0.076275853,0.098670308
DOM,2019,0.254638784,0.22447542,0.287968467
DOM,2020,0.161125643,0.142489822,0.182070328
DOM,2021,0.046351969,0.046351969,0.046351969
DOM,2022,0.051728776,0.051728776,0.051728776
DOM,2023,0.040535212,0.040535212,0.040535212
DOM,2024,0.191118442,0.191118442,0.191118442
DZA,2000,0.018729748,0.018729748,0.018729748
DZA,2001,0.00326017,0.00326017,0.00326017
DZA,2002,0.005361804,0.005361804,0.005361804
DZA,2003,0.002645493,0.002645493,0.002645493
DZA,2004,0.001043523,0.001043523,0.001043523
DZA,2005,0.000514182,0.000514182,0.000514182
DZA,2006,0.000506318,0.000506318,0.000506318
DZA,2007,0.012946363,0.012946363,0.012946363
DZA,2008,0.001466887,0.001466887,0.001466887
DZA,2009,0.0,0.0,0.0
DZA,2010,0.000470434,0.000470434,0.000470434
DZA,2011,0.000461318,0.000461318,0.000461318
DZA,2012,0.024871853,0.024871853,0.024871853
DZA,2013,0.003545395,0.003545395,0.003545395
DZA,2014,0.0,0.0,0.0
DZA,2015,0.0,0.0,0.0
DZA,2016,0.0,0.0,0.0
DZA,2017,0.0,0.0,0.0
DZA,2018,0.0,0.0,0.0
DZA,2019,0.0,0.0,0.0
DZA,2020,0.0,0.0,0.0
DZA,2021,0.0,0.0,0.0
DZA,2022,0.0,0.0,0.0
DZA,2023,0.0,0.0,0.0
DZA,2024,0.0,0.0,0.0
ECU,2000,14.53600431,14.53600431,14.53600431
ECU,2001,14.88454341,14.88454341,14.88454341
ECU,2002,11.65216051,11.65216051,11.65216051
ECU,2003,6.870469254,6.870469254,6.870469254
ECU,2004,3.725338435,3.725338435,3.725338435
ECU,2005,2.172910119,2.172910119,2.172910119
ECU,2006,1.2355608,1.2355608,1.2355608
ECU,2007,1.009099009,1.009099009,1.009099009
ECU,2008,0.592147454,0.592147454,0.592147454
ECU,2009,0.491081269,0.491081269,0.491081269
ECU,2010,0.22097474,0.22097474,0.22097474
ECU,2011,0.140350926,0.140350926,0.140350926
ECU,2012,0.061644722,0.061644722,0.061644722
ECU,2013,0.041081062,0.041081062,0.041081062
ECU,2014,0.026631144,0.026631144,0.026631144
ECU,2015,0.068018584,0.068018584,0.068018584
ECU,2016,0.127332546,0.127332546,0.127332546
ECU,2017,0.134244172,0.134244172,0.134244172
ECU,2018,0.171082981,0.171082981,0.171082981
ECU,2019,0.183481757,0.183481757,0.183481757
ECU,2020,0.194501775,0.194501775,0.194501775
ECU,2021,0.217051875,0.217051875,0.217051875
ECU,2022,0.133454749,0.133454749,0.133454749
ECU,2023,0.059277794,0.059277794,0.059277794
ECU,2024,0.036974422,0.036974422,0.036974422
EGY,2000,0.0,0.0,0.0
EGY,2001,0.0,0.0,0.0
EGY,2002,0.0,0.0,0.0
EGY,2003,0.0,0.0,0.0
EGY,2004,0.0,0.0,0.0
EGY,2005,0.0,0.0,0.0
EGY,2006,0.0,0.0,0.0
EGY,2007,0.0,0.0,0.0
EGY,2008,0.0,0.0,0.0
EGY,2009,0.0,0.0,0.0
EGY,2010,0.0,0.0,0.0
EGY,2011,0.0,0.0,0.0
EGY,2012,0.0,0.0,0.0
EGY,2013,0.0,0.0,0.0
EGY,2014,0.0,0.0,0.0
EGY,2015,0.0,0.0,0.0
EGY,2016,0.0,0.0,0.0
EGY,2017,0.0,0.0,0.0
EGY,2018,0.0,0.0,0.0
EGY,2019,0.0,0.0,0.0
EGY,2020,0.0,0.0,0.0
EGY,2021,0.0,0.0,0.0
EGY,2022,0.0,0.0,0.0
EGY,2023,0.0,0.0,0.0
EGY,2024,0.0,0.0,0.0
ERI,2000,18.99884781,6.205065707,39.2135222
ERI,2001,23.55500117,8.381129443,46.30429856
ERI,2002,13.71638185,5.090069779,26.65560444
ERI,2003,19.84439651,9.076686222,34.58493574
ERI,2004,5.808836066,2.904985716,10.05641033
ERI,2005,10.40126799,6.124216241,15.85742447
ERI,2006,6.080261823,3.844263847,8.553840537
ERI,2007,13.69484497,8.805940606,19.16332327
ERI,2008,7.373788626,4.740926746,10.26058941
ERI,2009,9.576558623,6.097195699,13.5105882
ERI,2010,28.34150373,18.04026978,40.02029923
ERI,2011,25.57224732,16.41158785,35.51160836
ERI,2012,17.28126683,10.87916712,24.83486105
ERI,2013,16.03878531,10.22316027,22.68295678
ERI,2014,35.43874137,22.80861936,49.36337141
ERI,2015,20.61473248,13.24500587,28.72362863
ERI,2016,27.70219714,15.06511189,44.00503665
ERI,2017,36.79848601,23.51739348,50.98045549
ERI,2018,31.2319122,20.19000019,43.53197547
ERI,2019,61.84259338,39.6024667,85.97043881
ERI,2020,48.2758935,31.28283307,67.03135112
ERI,2021,27.74117115,17.83931654,38.42317718
ERI,2022,40.89284861,26.26540316,56.84008286
ERI,2023,63.38799483,40.75503495,88.28438973
ERI,2024,102.4243955,65.71928466,142.8278783
ETH,2000,189.1843586,123.4499201,282.5755449
ETH,2001,210.895939,77.49931759,398.5325024
ETH,2002,193.5459594,69.42656566,376.4131048
ETH,2003,208.9400694,86.2592994,498.1251323
ETH,2004,217.8836708,78.13944861,652.3444083
ETH,2005,149.4778211,54.05003265,439.8651266
ETH,2006,138.0126193,42.8293296,429.1419782
ETH,2007,116.3670543,34.14807139,369.5667566
ETH,2008,96.30427143,34.87723006,283.2731495
ETH,2009,133.7945578,44.23220582,382.4297798
ETH,2010,153.8421519,50.22238099,439.9762831
ETH,2011,143.6950999,57.57346562,375.2873071
ETH,2012,159.6738451,78.7492631,366.039927
ETH,2013,184.0959032,100.8099893,340.344377
ETH,2014,144.069847,54.10456645,251.5094851
ETH,2015,130.0601358,49.51826995,238.8060232
ETH,2016,92.88594821,38.87483249,171.829705
ETH,2017,70.71058376,33.35468763,122.3471223
ETH,2018,36.4607078,20.1053938,54.80551822
ETH,2019,33.61048632,18.65889904,50.03388344
ETH,2020,52.28211767,29.16769617,78.47779938
ETH,2021,45.55933568,25.25301448,67.99392993
ETH,2022,59.88726611,33.2313284,89.39387915
ETH,2023,109.2392957,60.34529487,164.109707
ETH,2024,138.4950248,76.56462664,207.5954257
GAB,2000,364.659149,256.1906541,509.2206869
GAB,2001,353.687572,243.1634224,499.7875859
GAB,2002,323.31253,211.7777584,474.6782107
GAB,2003,259.0387811,165.1360293,385.9273237
GAB,2004,196.6582912,124.6071526,296.8270613
GAB,2005,158.0381211,96.49330883,242.5636405
GAB,2006,131.7895139,76.86901203,210.1149809
GAB,2007,121.2045466,62.97038947,208.1928395
GAB,2008,124.4145784,60.53782258,227.9953023
GAB,2009,147.0332628,70.20527746,274.6675706
GAB,2010,177.8770483,83.94587643,337.4243188
GAB,2011,195.4007443,95.28496047,358.7107544
GAB,2012,200.1538804,103.0021566,351.553748
GAB,2013,199.1852835,108.420027,336.7906122
GAB,2014,193.866859,107.9607172,315.3332821
GAB,2015,185.3606266,108.8378722,293.2672347
GAB,2016,182.548162,107.7451214,291.1408147
GAB,2017,184.6590013,114.3375562,284.6133224
GAB,2018,186.7259529,130.4318956,259.8404297
GAB,2019,190.7161646,142.1647437,251.4781685
GAB,2020,193.5747903,144.5463349,253.5195964
GAB,2021,189.1920889,136.7447792,253.2779707
GAB,2022,188.6839725,127.7761116,269.2504403
GAB,2023,191.3028395,120.2440108,287.906262
GAB,2024,187.0020335,102.1293341,313.2878204
GEO,2000,5.66042095,5.66042095,5.66042095
GEO,2001,10.40478905,10.40478905,10.40478905
GEO,2002,11.48311449,11.48311449,11.48311449
GEO,2003,7.734860724,7.734860724,7.734860724
GEO,2004,6.336291913,6.336291913,6.336291913
GEO,2005,3.849879536,3.849879536,3.849879536
GEO,2006,1.476291755,1.476291755,1.476291755
GEO,2007,0.604914934,0.604914934,0.604914934
GEO,2008,0.15224176,0.15224176,0.15224176
GEO,2009,0.025517365,0.025517365,0.025517365
GEO,2010,0.0,0.0,0.0
GEO,2011,0.0,0.0,0.0
GEO,2012,0.0,0.0,0.0
GEO,2013,0.0,0.0,0.0
GEO,2014,0.0,0.0,0.0
GEO,2015,0.0,0.0,0.0
GEO,2016,0.0,0.0,0.0
GEO,2017,0.0,0.0,0.0
GEO,2018,0.0,0.0,0.0
GEO,2019,0.0,0.0,0.0
GEO,2020,0.0,0.0,0.0
GEO,2023,0.0,0.0,0.0
GEO,2024,0.0,0.0,0.0
GHA,2000,430.357415,327.3316811,557.1106486
GHA,2001,411.1750404,320.176779,520.6054346
GHA,2002,392.0963803,307.4241314,490.459921
GHA,2003,365.9793381,289.4664902,455.4667107
GHA,2004,340.2108385,270.2306782,421.7074095
GHA,2005,323.7259659,255.8560831,405.3439601
GHA,2006,311.3405138,248.8023607,383.1004932
GHA,2007,305.8306689,242.2376815,382.5878472
GHA,2008,314.5808655,247.312894,392.7509509
GHA,2009,340.4182673,273.8384933,417.0970406
GHA,2010,366.4042865,299.3956142,442.1780551
GHA,2011,375.1405245,307.2953165,453.8617182
GHA,2012,367.317594,300.2225168,448.1028749
GHA,2013,344.3307489,280.4884493,420.2636214
GHA,2014,313.806791,250.8492332,387.7960094
GHA,2015,275.9898421,216.12485,347.1758308
GHA,2016,244.9214645,188.9942577,312.9126842
GHA,2017,226.1852816,173.1852387,290.2046668
GHA,2018,212.7630234,162.3576299,273.6587054
GHA,2019,215.2688454,164.4414431,277.9878927
GHA,2020,219.6265037,168.1247565,282.8304384
GHA,2021,212.4652104,160.9065186,276.5365199
GHA,2022,210.786297,158.5126401,275.3422508
GHA,2023,194.918396,144.1574959,257.2898019
GHA,2024,195.7696618,135.6087531,274.0383601
GIN,2000,415.7749752,300.455075,558.7214467
GIN,2001,414.386133,290.6734311,574.2766799
GIN,2002,418.9660788,292.4118738,583.5163732
GIN,2003,425.1776704,300.5499628,581.5474252
GIN,2004,425.3566118,304.5378101,577.1698716
GIN,2005,420.2376765,300.2631885,571.1386435
GIN,2006,404.9935548,289.6450493,551.3883687
GIN,2007,384.4904101,274.1115606,524.3157748
GIN,2008,378.7805455,276.5605444,508.8838659
GIN,2009,393.802791,302.5294069,504.2788539
GIN,2010,415.7379999,334.45243,513.7436411
GIN,2011,428.7812206,351.1515055,516.5255011
GIN,2012,431.7485199,357.9721318,518.1947095
GIN,2013,413.7324467,329.9210664,514.724115
GIN,2014,396.6860584,302.5952517,507.2225398
GIN,2015,384.3909316,290.8155386,503.7725831
GIN,2016,366.519838,270.165762,488.5022091
GIN,2017,358.4773325,259.241759,482.0283321
GIN,2018,350.284153,252.4940546,474.4108829
GIN,2019,321.2020764,222.894202,450.9192483
GIN,2020,304.9429508,218.4423716,415.3234628
GIN,2021,294.4452917,227.6138245,376.2573928
GIN,2022,285.6958989,214.235788,374.085121
GIN,2023,285.502144,200.0749351,392.0042914
GIN,2024,286.0836671,198.1127817,400.6536778
GMB,2000,309.7216381,229.1671134,403.5560318
GMB,2001,301.4593204,222.9345135,390.5092839
GMB,2002,293.322029,217.5025933,379.8107822
GMB,2003,285.2515607,211.8355697,371.4814837
GMB,2004,277.24724,204.4023633,360.186895
GMB,2005,269.356349,197.9414224,347.4667179
GMB,2006,261.6460917,194.169244,341.4297999
GMB,2007,254.1521475,187.9148537,327.8753554
GMB,2008,246.85783,181.4245604,320.4830069
GMB,2009,239.7396205,178.5240582,311.9274274
GMB,2010,232.8107799,172.6570087,301.9772229
GMB,2011,238.8739091,193.2828969,289.9261033
GMB,2012,256.4693548,204.7274868,313.8255753
GMB,2013,204.1187954,160.5970143,252.9275689
GMB,2014,140.3174272,109.5557207,174.6753334
GMB,2015,202.5053393,155.4847903,254.4860732
GMB,2016,130.0735757,98.32339654,164.446853
GMB,2017,63.21308827,47.24979496,80.74040993
GMB,2018,81.7458677,59.75103683,105.6031925
GMB,2019,44.76271184,34.90532976,55.90019147
GMB,2020,83.83123328,58.6221789,120.9230968
GMB,2021,62.48347735,48.66946311,77.91792459
GMB,2022,95.51824978,74.30148077,119.1578323
GMB,2023,87.50650983,68.22922555,108.8203455
GMB,2024,75.44419593,58.73319331,93.91907462
GNB,2000,396.463223,249.9885806,600.1003045
GNB,2001,320.1741415,190.0243048,509.9374402
GNB,2002,251.2179023,137.5234137,426.5963808
GNB,2003,182.2876147,93.30231285,318.0944165
GNB,2004,121.2304437,54.18170858,236.8437871
GNB,2005,93.26389618,42.63492655,180.2152238
GNB,2006,78.21228261,44.87872553,128.2737359
GNB,2007,76.50389218,52.43705138,105.8642577
GNB,2008,87.50085682,64.49893619,115.3426388
GNB,2009,106.3426663,73.30872386,149.6314803
GNB,2010,124.5395334,70.8174471,204.3019231
GNB,2011,129.3060776,67.91398541,226.9106373
GNB,2012,126.5544236,63.93074186,226.1733718
GNB,2013,120.8845896,56.11954023,232.9709701
GNB,2014,105.7272265,45.3372739,208.392749
GNB,2015,89.59470594,36.92541266,185.2420938
GNB,2016,74.16426614,24.8291112,170.4163398
GNB,2017,70.21417943,23.96387776,165.4809408
GNB,2018,71.68055637,25.72401357,161.7821318
GNB,2019,87.10491865,30.84605041,199.0040255
GNB,2020,95.17125252,34.27038552,208.7548025
GNB,2021,98.71184807,36.51651585,219.4678827
GNB,2022,97.6115741,30.451421,231.9785907
GNB,2023,97.81367448,27.94664472,260.3589936
GNB,2024,110.127776,30.57728841,295.8677099
GNQ,2000,334.3011806,225.8389985,486.9579854
GNQ,2001,331.498263,219.1414778,478.5365114
GNQ,2002,325.0413243,219.1448599,465.9397687
GNQ,2003,332.787647,229.7159208,467.0265031
GNQ,2004,346.232315,249.5362345,469.6730862
GNQ,2005,357.6354253,265.4486065,474.1955071
GNQ,2006,356.6865217,264.1301297,474.2419798
GNQ,2007,353.6481076,259.4756593,472.5858892
GNQ,2008,332.6261145,238.332273,450.716739
GNQ,2009,303.1568066,212.3851232,423.1478603
GNQ,2010,288.3687878,200.0093349,401.263051
GNQ,2011,290.8268812,202.9131084,403.0597463
GNQ,2012,312.7679297,220.1637169,431.6689512
GNQ,2013,333.656956,234.786175,459.0682007
GNQ,2014,333.9969868,236.47974,463.3028224
GNQ,2015,333.8154772,229.6367139,471.9820444
GNQ,2016,315.2137734,205.9100801,465.6025185
GNQ,2017,291.2323708,190.9181577,426.0109479
GNQ,2018,268.0760346,178.6820212,383.7069775
GNQ,2019,247.3995271,167.3562592,356.7573078
GNQ,2020,244.2993403,164.9688343,349.38305
GNQ,2021,239.5754799,158.3353376,344.5265513
GNQ,2022,237.5643524,154.4305243,345.381166
GNQ,2023,229.8104137,147.874806,340.4949612
GNQ,2024,227.7301751,148.9378822,333.7953682
GTM,2000,7.210715833,6.304552299,8.607324908
GTM,2001,4.723351907,4.148196937,5.614583006
GTM,2002,4.565817899,4.017761294,5.400299456
GTM,2003,3.892763204,3.437388695,4.589153795
GTM,2004,3.529376599,3.127558873,4.15402475
GTM,2005,4.731525311,4.195800108,5.523626655
GTM,2006,3.627855549,3.217105701,4.255446812
GTM,2007,1.745745618,1.556725865,2.031110309
GTM,2008,0.800479775,0.71312187,0.929665385
GTM,2009,0.772015559,0.688058284,0.893993551
GTM,2010,0.864940002,0.712561472,1.100361634
GTM,2011,0.713539182,0.636794318,0.823780448
GTM,2012,0.549709322,0.48931328,0.636267472
GTM,2013,0.626968801,0.558011272,0.727522269
GTM,2014,0.487057128,0.434178571,0.560546497
GTM,2015,0.537595705,0.479123256,0.61953924
GTM,2016,0.476810373,0.425188485,0.547652051
GTM,2017,0.386102887,0.34348685,0.444234198
GTM,2018,0.278207119,0.247461222,0.320828718
GTM,2019,0.18780976,0.166974494,0.216310375
GTM,2020,0.094631985,0.084252993,0.108674151
GTM,2021,0.095818223,0.095818223,0.095818223
GTM,2022,0.137749644,0.137749644,0.137749644
GTM,2023,0.222615222,0.222615222,0.222615222
GTM,2024,0.210502408,0.210502408,0.210502408
GUF,2000,49.82670928,43.61524958,59.40411622
GUF,2001,48.83960362,42.88747801,57.84849427
GUF,2002,44.47217421,39.12283034,52.44095777
GUF,2003,44.33290693,39.0986456,51.98936596
GUF,2004,33.41391251,29.61518,39.30358126
GUF,2005,35.84533386,31.83650421,41.97899276
GUF,2006,41.08767541,36.39292017,48.30971677
GUF,2007,46.5816478,41.48381562,54.10507474
GUF,2008,31.04865141,27.65920028,35.89300846
GUF,2009,31.73695385,28.28983963,37.0333665
GUF,2010,16.1197112,13.2454018,20.54280739
GUF,2011,10.66246104,9.523018993,12.34521321
GUF,2012,7.751139874,6.905427269,8.971907633
GUF,2013,7.315523899,6.509031996,8.493323246
GUF,2014,3.752852792,3.329703032,4.32167706
GUF,2015,3.134902594,2.782056415,3.596316829
GUF,2016,1.785642898,1.585757499,2.052156763
GUF,2017,4.48342442,3.979448244,5.151029224
GUF,2018,4.117079447,3.660340946,4.76037311
GUF,2019,1.569630188,1.39874303,1.803808885
GUF,2020,1.025461458,0.91291081,1.188034616
GUF,2021,0.456454826,0.456454826,0.456454826
GUF,2022,0.127237255,0.127237255,0.127237255
GUF,2023,1.125898038,1.125898038,1.125898038
GUF,2024,1.441133223,1.441133223,1.441133223
GUY,2000,43.96782561,36.09550856,52.68000031
GUY,2001,49.67317526,40.67722116,59.44498657
GUY,2002,40.14393991,32.92334074,48.00881161
GUY,2003,50.68922725,41.68763375,60.73776604
GUY,2004,53.01029094,43.52989436,63.40226096
GUY,2005,71.73346791,58.85789984,85.72062677
GUY,2006,36.40347525,31.61403146,41.73978149
GUY,2007,20.73963481,17.63602251,24.22261052
GUY,2008,21.68681405,17.96165814,25.74200974
GUY,2009,23.76963518,19.21036466,28.66134419
GUY,2010,39.54723085,32.29066567,47.29898726
GUY,2011,52.08449205,42.85042746,61.90885113
GUY,2012,58.38496666,48.6072066,69.13282808
GUY,2013,76.60985492,57.08216837,105.4813799
GUY,2014,29.57987561,22.21858348,40.59794837
GUY,2015,23.76179688,17.81801996,32.60492817
GUY,2016,25.29899888,18.9666203,34.63711515
GUY,2017,32.74914832,24.59920778,44.83687236
GUY,2018,38.8715882,29.03269514,53.11709231
GUY,2019,32.25347143,27.2414615,37.66926882
GUY,2020,27.3603961,23.2327448,31.82127505
GUY,2021,31.53104544,26.79752588,36.63980321
GUY,2022,32.22590998,27.38435587,37.45699135
GUY,2023,42.66336541,36.19851323,49.50066739
GUY,2024,38.7408764,32.91476454,45.0784275
HND,2000,8.643292729,6.285671751,11.12428262
HND,2001,5.783817074,4.208023014,7.424829165
HND,2002,4.017521747,2.926063981,5.145736393
HND,2003,3.210937969,2.333357576,4.113775848
HND,2004,3.834723174,2.793949689,4.921477641
HND,2005,3.464477517,2.520098118,4.435566077
HND,2006,2.482568814,1.832577855,3.156919746
HND,2007,2.108286035,1.577758724,2.663338622
HND,2008,1.617707622,1.224882027,2.020178013
HND,2009,1.738917099,1.334649204,2.160584276
HND,2010,1.756179984,1.364101058,2.167251862
HND,2011,1.327419901,1.041874029,1.620721659
HND,2012,1.102846728,0.863934606,1.353162913
HND,2013,0.903388477,0.705547146,1.109923401
HND,2014,0.559604043,0.435718257,0.689699193
HND,2015,0.579647789,0.44961546,0.713026538
HND,2016,0.657069603,0.510571936,0.811431697
HND,2017,0.201152939,0.155326454,0.248706553
HND,2018,0.107288289,0.080720588,0.136795395
HND,2019,0.050516585,0.038858911,0.062951436
HND,2020,0.122731245,0.094257596,0.152404932
HND,2021,0.163509313,0.163509313,0.163509313
HND,2022,0.372856589,0.372856589,0.372856589
HND,2023,0.268509805,0.268509805,0.268509805
HND,2024,0.233736308,0.233736308,0.233736308
HTI,2000,9.713675863,5.608623978,15.62090324
HTI,2001,9.713706169,5.56349066,15.82485361
HTI,2002,9.71374358,5.567447978,15.67110147
HTI,2003,9.713682618,5.562693898,15.75156716
HTI,2004,9.713706505,5.524327479,15.73349871
HTI,2005,9.713765215,5.599932284,15.68225001
HTI,2006,9.861116846,5.734203802,15.62324969
HTI,2007,8.752025545,5.181295967,13.81683999
HTI,2008,10.51722469,6.27805936,16.58295248
HTI,2009,9.713793619,5.541844536,15.81563303
HTI,2010,9.713696178,5.518146002,15.76019432
HTI,2011,9.198623689,5.576652206,14.294937
HTI,2012,7.285583537,4.443475121,11.3383971
HTI,2013,6.849002334,4.180066536,10.58965573
HTI,2014,3.573611663,2.389490653,4.830143116
HTI,2015,3.423326527,2.273206878,4.619831532
HTI,2016,3.805186293,2.526509339,5.144930934
HTI,2017,3.427076637,2.277644838,4.626377564
HTI,2018,1.633654425,1.083408983,2.209418059
HTI,2019,1.7842935,1.188319515,2.409408527
HTI,2020,3.792054495,2.522923747,5.125403191
HTI,2021,2.218596178,1.353910962,3.442634735
HTI,2022,2.552261721,1.678023782,3.534701506
HTI,2023,2.291411707,1.521479484,3.096639885
HTI,2024,8.695799336,5.290695701,13.59668342
IDN,2000,5.283879477,4.374905908,6.485687516
IDN,2001,5.283879922,4.356381306,6.501742
IDN,2002,5.283880194,4.36654159,6.484464673
IDN,2003,5.283877053,4.367201528,6.489249425
IDN,2004,4.769889808,4.3073093,5.317998599
IDN,2005,5.142511001,4.632014693,5.76073773
IDN,2006,5.924142822,5.336087561,6.62131999
IDN,2007,5.283880248,4.364990926,6.523133407
IDN,2008,5.283877749,4.359532882,6.500628047
IDN,2009,5.283878185,4.364085305,6.502733607
IDN,2010,8.085326715,7.275902467,9.007090293
IDN,2011,7.261657785,6.544205879,8.08552137
IDN,2012,7.111327619,6.409019503,7.934621502
IDN,2013,5.978218713,5.392015452,6.666647587
IDN,2014,4.492771499,4.05368904,5.007235104
IDN,2015,3.970194735,3.57695774,4.425987009
IDN,2016,4.108980877,3.707038872,4.574504823
IDN,2017,2.783790176,2.548964723,3.055137031
IDN,2018,2.454130282,2.24239539,2.702899001
IDN,2019,1.95874055,1.799752887,2.140900768
IDN,2020,1.929520807,1.77137716,2.10922324
IDN,2021,1.556984504,1.445312776,1.689067563
IDN,2022,1.990589065,1.857767167,2.161556804
IDN,2023,1.814463104,1.691520816,1.968353231
IDN,2024,2.226659174,2.075229005,2.416626785
IND,2000,21.80338442,17.12628802,28.01080435
IND,2001,21.63095643,17.05985787,27.33998032
IND,2002,19.51208076,15.13254455,25.2006626
IND,2003,20.27791195,15.84207586,25.98778818
IND,2004,21.75377239,16.76005007,28.47154509
IND,2005,22.41103869,16.88253088,30.82314146
IND,2006,16.5020288,12.48367725,22.10195303
IND,2007,14.90204722,11.27463044,20.00979171
IND,2008,14.53795722,10.95419275,19.47467241
IND,2009,13.84419275,10.40601515,18.54598157
IND,2010,13.09211972,10.19457362,16.84405806
IND,2011,10.54455854,8.280671637,13.31586639
IND,2012,8.097246398,6.36096136,10.18752116
IND,2013,6.255635557,4.961242567,7.725374311
IND,2014,6.332193671,5.094366264,7.711764421
IND,2015,6.436945603,5.237277383,7.770365645
IND,2016,6.291016141,4.906470437,7.892215887
IND,2017,4.612929277,3.622349871,5.681632353
IND,2018,3.434665461,2.423910891,4.518576091
IND,2019,2.843816766,1.831847097,3.897863739
IND,2020,2.532348445,1.572472651,3.529135848
IND,2021,2.49527384,1.425776282,3.620464024
IND,2022,1.397859002,1.12172522,1.713820368
IND,2023,1.344700945,1.014647502,1.692615425
IND,2024,1.480563143,1.107077541,1.919614714
IRN,2000,29.07389985,29.07389985,29.07389985
IRN,2001,28.02882018,28.02882018,28.02882018
IRN,2002,22.40511524,22.40511524,22.40511524
IRN,2003,33.55769696,33.55769696,33.55769696
IRN,2004,19.26765888,19.26765888,19.26765888
IRN,2005,25.86150473,25.86150473,25.86150473
IRN,2006,21.23071133,21.23071133,21.23071133
IRN,2007,20.62773322,20.62773322,20.62773322
IRN,2008,10.82879377,10.82879377,10.82879377
IRN,2009,5.565988671,5.565988671,5.565988671
IRN,2010,2.336596387,2.336596387,2.336596387
IRN,2011,2.039245479,2.039245479,2.039245479
IRN,2012,0.932903737,0.932903737,0.932903737
IRN,2013,0.584629363,0.584629363,0.584629363
IRN,2014,0.430218654,0.430218654,0.430218654
IRN,2015,0.197974496,0.197974496,0.197974496
IRN,2016,0.09465691,0.09465691,0.09465691
IRN,2017,0.065658899,0.065658899,0.065658899
IRN,2018,0.0,0.0,0.0
IRN,2019,0.0,0.0,0.0
IRN,2020,0.0,0.0,0.0
IRN,2021,0.0,0.0,0.0
IRN,2022,1.574325906,1.574325906,1.574325906
IRN,2023,2.732636194,2.732636194,2.732636194
IRN,2024,2.175619795,2.175619795,2.175619795
IRQ,2000,0.58580334,0.58580334,0.58580334
IRQ,2001,0.38617476,0.38617476,0.38617476
IRQ,2002,0.281585825,0.281585825,0.281585825
IRQ,2003,0.099588301,0.099588301,0.099588301
IRQ,2004,0.043234209,0.043234209,0.043234209
IRQ,2005,0.012726891,0.012726891,0.012726891
IRQ,2006,0.00645136,0.00645136,0.00645136
IRQ,2007,0.000541872,0.000541872,0.000541872
IRQ,2008,0.000531034,0.000531034,0.000531034
IRQ,2009,0.0,0.0,0.0
IRQ,2010,0.0,0.0,0.0
IRQ,2011,0.0,0.0,0.0
IRQ,2012,0.0,0.0,0.0
IRQ,2013,0.0,0.0,0.0
IRQ,2014,0.0,0.0,0.0
IRQ,2015,0.0,0.0,0.0
IRQ,2016,0.00099979,0.00099979,0.00099979
IRQ,2017,0.0,0.0,0.0
IRQ,2018,0.0,0.0,0.0
IRQ,2019,0.0,0.0,0.0
IRQ,2020,0.0,0.0,0.0
IRQ,2021,0.0,0.0,0.0
IRQ,2022,0.0,0.0,0.0
IRQ,2023,0.0,0.0,0.0
IRQ,2024,0.0,0.0,0.0
KAZ,2010,0.0,0.0,0.0
KAZ,2011,0.0,0.0,0.0
KAZ,2012,0.0,0.0,0.0
KAZ,2013,0.0,0.0,0.0
KAZ,2014,0.0,0.0,0.0
KAZ,2015,0.0,0.0,0.0
KAZ,2016,0.0,0.0,0.0
KAZ,2017,0.0,0.0,0.0
KAZ,2018,0.0,0.0,0.0
KAZ,2019,0.0,0.0,0.0
KAZ,2024,0.0,0.0,0.0
KEN,2000,220.2574561,170.8948356,279.5509488
KEN,2001,243.2262453,193.8703317,301.3162474
KEN,2002,227.5544802,180.6156988,284.756045
KEN,2003,220.1384438,173.6853142,274.357977
KEN,2004,184.4205943,139.1703736,240.19308
KEN,2005,138.9185038,101.957452,186.7732261
KEN,2006,125.5252817,92.76339714,166.5403999
KEN,2007,94.83510102,71.03970205,124.5667309
KEN,2008,79.77661578,60.17991447,103.5412911
KEN,2009,77.59614091,58.26758831,100.704757
KEN,2010,80.27255074,59.38186066,106.7033206
KEN,2011,82.58194793,61.28061473,109.7169587
KEN,2012,84.2251522,63.2646129,110.1368387
KEN,2013,85.4403037,63.88103041,111.5923269
KEN,2014,84.43082344,62.96974373,111.0858553
KEN,2015,81.79663555,59.78192649,108.6892935
KEN,2016,77.26122108,55.28032567,106.2556208
KEN,2017,76.8492024,55.21773652,104.5301108
KEN,2018,74.1496418,53.35805148,99.08937145
KEN,2019,71.67133565,52.87011985,94.18054056
KEN,2020,84.99876851,63.78514199,110.6056436
KEN,2021,88.68703596,58.33939663,129.8524883
KEN,2022,82.09391795,44.41943831,140.0607249
KEN,2023,73.77391808,37.32295217,132.8598883
KEN,2024,74.1683085,37.3067339,131.0189816
KGZ,2000,0.001785891,0.001785891,0.001785891
KGZ,2001,0.003791589,0.003791589,0.003791589
KGZ,2002,0.682841362,0.682841362,0.682841362
KGZ,2003,0.114552718,0.114552718,0.114552718
KGZ,2004,0.02242279,0.02242279,0.02242279
KGZ,2005,0.054983483,0.054983483,0.054983483
KGZ,2006,0.077178621,0.077178621,0.077178621
KGZ,2007,0.023163636,0.023163636,0.023163636
KGZ,2008,0.004319483,0.004319483,0.004319483
KGZ,2009,0.000237505,0.000237505,0.000237505
KGZ,2010,0.00070035,0.00070035,0.00070035
KGZ,2011,0.0,0.0,0.0
KGZ,2012,0.0,0.0,0.0
KGZ,2013,0.0,0.0,0.0
KGZ,2014,0.0,0.0,0.0
KGZ,2015,0.0,0.0,0.0
KGZ,2016,0.0,0.0,0.0
KGZ,2017,0.0,0.0,0.0
KGZ,2018,0.0,0.0,0.0
KGZ,2019,0.0,0.0,0.0
KGZ,2020,0.0,0.0,0.0
KGZ,2024,0.0,0.0,0.0
KHM,2000,75.47313893,46.85473506,110.3972861
KHM,2001,43.16250606,31.40447077,57.76299294
KHM,2002,38.16367182,28.04663231,50.59158623
KHM,2003,50.07383995,39.15393878,63.26556243
KHM,2004,42.78171692,34.77231849,52.69126318
KHM,2005,40.65769687,34.42521238,48.16381609
KHM,2006,45.13993457,34.98672934,59.4971418
KHM,2007,19.41385424,14.27756881,27.93492812
KHM,2008,21.49380026,16.20544447,29.20513359
KHM,2009,41.970636,32.61832909,53.93002531
KHM,2010,34.24839995,28.25568367,41.57575667
KHM,2011,35.14043916,30.56604082,40.63713547
KHM,2012,24.45663292,21.17943179,28.29681697
KHM,2013,15.64196735,13.55750836,18.20784684
KHM,2014,21.95272015,18.9878672,25.73811022
KHM,2015,19.68993949,16.97560759,23.0067172
KHM,2016,11.00753769,9.495846758,12.91119653
KHM,2017,17.72691511,15.26842026,20.75389152
KHM,2018,6.054437857,5.598623204,6.613632284
KHM,2019,3.075680452,2.846588699,3.356373288
KHM,2020,0.937700213,0.867774016,1.022588683
KHM,2021,0.362890316,0.362890316,0.362890316
KHM,2022,0.3307168,0.3307168,0.3307168
KHM,2023,0.110608269,0.110608269,0.110608269
KHM,2024,0.025661489,0.025661489,0.025661489
KOR,2000,1.277772381,1.277772381,1.277772381
KOR,2001,0.776182023,0.776182023,0.776182023
KOR,2002,0.543350555,0.543350555,0.543350555
KOR,2003,0.352075517,0.352075517,0.352075517
KOR,2004,0.258775996,0.258775996,0.258775996
KOR,2005,0.408703687,0.408703687,0.408703687
KOR,2006,0.610333836,0.610333836,0.610333836
KOR,2007,0.660347259,0.660347259,0.660347259
KOR,2008,0.314036764,0.314036764,0.314036764
KOR,2009,0.26425226,0.26425226,0.26425226
KOR,2010,0.371134902,0.371134902,0.371134902
KOR,2011,0.146847789,0.146847789,0.146847789
KOR,2012,0.113480243,0.113480243,0.113480243
KOR,2013,0.10927306,0.10927306,0.10927306
KOR,2014,0.15744546,0.15744546,0.15744546
KOR,2015,0.175685714,0.175685714,0.175685714
KOR,2016,0.167648422,0.167648422,0.167648422
KOR,2017,0.120975417,0.120975417,0.120975417
KOR,2018,0.138594502,0.138594502,0.138594502
KOR,2019,0.133839292,0.133839292,0.133839292
KOR,2020,0.098069113,0.098069113,0.098069113
KOR,2021,0.075494843,0.075494843,0.075494843
KOR,2022,0.105385852,0.105385852,0.105385852
KOR,2023,0.182751212,0.182751212,0.182751212
KOR,2024,0.176784299,0.176784299,0.176784299
LAO,2000,31.75982067,25.07649356,39.230889
LAO,2001,21.60927942,16.61032361,27.53615962
LAO,2002,17.26432217,12.71460949,22.61621409
LAO,2003,15.4173321,10.94862463,20.80552272
LAO,2004,13.40685224,9.169024796,18.77971484
LAO,2005,11.46056938,7.493122414,16.5976316
LAO,2006,15.78056681,9.834727044,23.88165526
LAO,2007,14.49824944,9.344092887,21.13294071
LAO,2008,12.95378163,8.674706496,18.27894825
LAO,2009,14.61503668,10.0872804,20.29324292
LAO,2010,13.27888604,9.405591902,17.84638927
LAO,2011,9.080779644,6.601963944,11.97762939
LAO,2012,23.5665192,17.11348243,31.22501148
LAO,2013,19.93232254,14.5136493,26.42740516
LAO,2014,25.16413167,18.15121759,33.036739
LAO,2015,17.65654434,12.79995626,23.4404549
LAO,2016,7.472256515,5.422100989,9.893500455
LAO,2017,4.000499481,2.903490723,5.288106339
LAO,2018,4.220569656,3.055289085,5.613170259
LAO,2019,2.798989485,2.026552296,3.701292511
LAO,2020,1.484304798,1.07490455,1.962250158
LAO,2021,1.651038997,1.198505272,2.196161637
LAO,2022,0.944009531,0.681120801,1.250628302
LAO,2023,0.286081711,0.207095829,0.379102145
LAO,2024,0.133072268,0.096458843,0.176605203
LBR,2000,397.0757989,250.8562502,599.9131865
LBR,2001,406.0517945,265.4237652,593.3045295
LBR,2002,415.531826,279.0662409,590.7022904
LBR,2003,423.2144437,295.6710093,586.1399162
LBR,2004,406.1267874,276.9327164,575.9893991
LBR,2005,403.1845972,275.8845767,558.1114091
LBR,2006,390.7942223,282.9956133,523.7614824
LBR,2007,372.6780427,285.5766576,479.6617461
LBR,2008,357.0604367,279.0609756,453.1820637
LBR,2009,342.4176401,267.2807972,431.5027579
LBR,2010,322.1434924,244.8285553,415.0189522
LBR,2011,299.3768564,224.0637803,393.177491
LBR,2012,266.1217829,187.4743342,366.9150463
LBR,2013,260.7460721,169.5206776,384.8236772
LBR,2014,287.6955971,194.2337565,413.2495164
LBR,2015,318.1345533,244.3078404,404.58402
LBR,2016,348.7015751,284.6037142,422.0558602
LBR,2017,356.0853913,282.2689271,440.3571545
LBR,2018,331.5848037,243.1743033,446.1716281
LBR,2019,300.7992117,196.3796265,437.6352325
LBR,2020,276.9257688,180.5047487,405.6792669
LBR,2021,216.0652616,151.951658,303.0931643
LBR,2022,181.7909089,130.6558091,247.8364017
LBR,2023,179.3212163,122.6212951,253.0031143
LBR,2024,172.34109,103.4256773,268.0435689
LKA,2000,47.33377774,47.33377774,47.33377774
LKA,2001,14.75616132,14.75616132,14.75616132
LKA,2002,9.090685576,9.090685576,9.090685576
LKA,2003,2.290334679,2.290334679,2.290334679
LKA,2004,0.805168838,0.805168838,0.805168838
LKA,2005,0.352703342,0.352703342,0.352703342
LKA,2006,0.126253617,0.126253617,0.126253617
LKA,2007,0.042008917,0.042008917,0.042008917
LKA,2008,0.136782587,0.136782587,0.136782587
LKA,2009,0.111227948,0.111227948,0.111227948
LKA,2010,0.142435014,0.142435014,0.142435014
LKA,2011,0.025661821,0.025661821,0.025661821
LKA,2012,0.004723787,0.004723787,0.004723787
LKA,2013,0.0,0.0,0.0
LKA,2014,0.0,0.0,0.0
LKA,2015,0.0,0.0,0.0
LKA,2016,0.0,0.0,0.0
LKA,2017,0.0,0.0,0.0
LKA,2018,0.0,0.0,0.0
LKA,2019,0.0,0.0,0.0
LKA,2020,0.0,0.0,0.0
LKA,2021,0.0,0.0,0.0
LKA,2022,0.0,0.0,0.0
LKA,2023,0.0,0.0,0.0
LKA,2024,0.0,0.0,0.0
MAR,2000,0.000105547,0.000105547,0.000105547
MAR,2001,0.0,0.0,0.0
MAR,2002,0.000650726,0.000650726,0.000650726
MAR,2003,0.000135266,0.000135266,0.000135266
MAR,2004,3.3e-05,3.3e-05,3.3e-05
MAR,2005,0.0,0.0,0.0
MAR,2006,0.0,0.0,0.0
MAR,2007,0.0,0.0,0.0
MAR,2008,0.0,0.0,0.0
MAR,2009,0.0,0.0,0.0
MAR,2010,0.0,0.0,0.0
MAR,2011,0.0,0.0,0.0
MAR,2012,0.0,0.0,0.0
MAR,2013,0.0,0.0,0.0
MAR,2014,0.0,0.0,0.0
MAR,2015,0.0,0.0,0.0
MAR,2016,0.0,0.0,0.0
MAR,2017,0.0,0.0,0.0
MAR,2018,0.0,0.0,0.0
MAR,2019,0.0,0.0,0.0
MAR,2020,0.0,0.0,0.0
MAR,2021,0.0,0.0,0.0
MAR,2022,0.0,0.0,0.0
MAR,2023,0.0,0.0,0.0
MAR,2024,0.0,0.0,0.0
MDG,2000,54.85398761,5.666336267,124.0679759
MDG,2001,65.25567901,8.799441482,139.0854244
MDG,2002,51.1976897,1.267039045,116.8657745
MDG,2003,65.29889326,1.48643169,148.1448291
MDG,2004,44.82998728,1.589439354,101.4732374
MDG,2005,34.59614673,1.291623421,79.20253839
MDG,2006,33.78065349,1.18390136,74.22317061
MDG,2007,30.67507217,8.811788204,59.23336534
MDG,2008,29.89838385,15.55862714,52.06768691
MDG,2009,44.56571988,26.50821015,71.79525545
MDG,2010,44.52075296,25.72563464,72.14342948
MDG,2011,37.07720243,22.59654144,54.43930298
MDG,2012,70.78624992,43.32339312,111.1356799
MDG,2013,63.67437614,40.80219181,97.78841061
MDG,2014,49.79904983,34.92558334,68.19904768
MDG,2015,106.9755724,75.78504774,143.6306083
MDG,2016,63.37210888,44.49089217,86.1709238
MDG,2017,77.22226814,55.79489726,101.1320312
MDG,2018,71.86049528,50.7944184,95.65172225
MDG,2019,71.72675373,49.00686772,96.31751976
MDG,2020,138.7306278,92.1305288,189.5956053
MDG,2021,166.3284226,106.2935672,230.784155
MDG,2022,117.0771285,74.86885318,162.5030316
MDG,2023,200.0243173,127.9292177,279.2842485
MDG,2024,255.4457137,163.1685603,354.7227274
MEX,2000,3.53490739,3.53490739,3.53490739
MEX,2001,2.354271712,2.354271712,2.354271712
MEX,2002,2.147870477,2.147870477,2.147870477
MEX,2003,1.749312001,1.749312001,1.749312001
MEX,2004,1.538979421,1.538979421,1.538979421
MEX,2005,1.322662282,1.322662282,1.322662282
MEX,2006,1.105649323,1.105649323,1.105649323
MEX,2007,1.02384372,1.02384372,1.02384372
MEX,2008,1.007293368,1.007293368,1.007293368
MEX,2009,1.138395734,1.138395734,1.138395734
MEX,2010,0.508961627,0.508961627,0.508961627
MEX,2011,0.425268566,0.425268566,0.425268566
MEX,2012,0.336355553,0.336355553,0.336355553
MEX,2013,0.197298957,0.197298957,0.197298957
MEX,2014,0.258326094,0.258326094,0.258326094
MEX,2015,0.201423444,0.201423444,0.201423444
MEX,2016,0.21259947,0.21259947,0.21259947
MEX,2017,0.281336855,0.281336855,0.281336855
MEX,2018,0.30784237,0.30784237,0.30784237
MEX,2019,0.232167806,0.232167806,0.232167806
MEX,2020,0.132433628,0.132433628,0.132433628
MEX,2021,0.089426268,0.089426268,0.089426268
MEX,2022,0.058681184,0.058681184,0.058681184
MEX,2023,0.015997196,0.015997196,0.015997196
MEX,2024,0.095881666,0.095881666,0.095881666
MLI,2000,394.9769625,268.1921132,569.1218609
MLI,2001,396.2160633,267.9238501,571.1547242
MLI,2002,405.0914666,270.8275028,588.6974981
MLI,2003,412.3561212,275.3098101,589.1352043
MLI,2004,417.889341,285.5485076,592.3221916
MLI,2005,419.8340073,291.4404232,605.1105197
MLI,2006,395.0790964,274.7501775,561.0821548
MLI,2007,378.6707326,264.5501387,532.7548179
MLI,2008,369.172643,255.1898481,516.0672027
MLI,2009,364.7853746,252.9895988,503.6498714
MLI,2010,373.5950503,267.6532516,514.5394917
MLI,2011,394.1824,281.3879413,537.8803394
MLI,2012,424.2861023,302.0698657,576.0641
MLI,2013,441.0003673,315.759071,606.0154214
MLI,2014,429.5430268,308.6351117,595.3528633
MLI,2015,381.7113885,270.7481055,541.0357622
MLI,2016,374.3880168,263.8235489,531.463067
MLI,2017,376.9845688,266.4253346,535.9864031
MLI,2018,377.1709055,266.18714,535.8584858
MLI,2019,325.7605808,229.9300212,462.4161504
MLI,2020,349.3872937,246.5713657,496.4512973
MLI,2021,345.9227287,244.02793,491.9512024
MLI,2022,346.2195843,243.8980556,492.2391545
MLI,2023,346.2195915,244.3470588,492.212284
MLI,2024,346.2195913,243.9577987,492.3968715
MMR,2000,34.40253775,23.92336942,50.753889
MMR,2001,34.40253645,24.01756914,50.37581077
MMR,2002,34.40253513,24.00830973,50.57807393
MMR,2003,34.40252307,23.93264197,50.68856917
MMR,2004,34.40253157,24.02020027,50.94795947
MMR,2005,34.40253505,24.16967063,51.44845225
MMR,2006,24.44981943,15.75690392,37.72566464
MMR,2007,30.65204333,22.50820884,43.83543409
MMR,2008,37.32908821,27.43590914,53.57113327
MMR,2009,35.20144242,25.88713294,50.34020405
MMR,2010,35.28743024,25.76123151,50.03673638
MMR,2011,30.81042165,23.77379514,41.15440741
MMR,2012,40.40306568,28.87589751,58.376515
MMR,2013,13.97168601,10.3985636,19.3274847
MMR,2014,8.689697833,6.386417221,12.05395759
MMR,2015,6.102992731,4.938223296,7.363449716
MMR,2016,3.611500509,2.922209021,4.354268983
MMR,2017,2.670778958,2.163803714,3.202347021
MMR,2018,2.386383773,1.932735689,2.87824757
MMR,2019,1.707819671,1.384575453,2.061483187
MMR,2020,1.778154805,1.439946228,2.137471583
MMR,2021,6.296093257,3.801431337,26.62444099
MMR,2022,12.50567544,7.520921881,53.57495436
MMR,2023,17.9635296,10.81810111,78.48392381
MMR,2024,14.77952057,8.877542147,61.96961092
MOZ,2000,473.6679998,387.3301884,574.4839683
MOZ,2001,489.9424843,404.8473225,587.063089
MOZ,2002,494.6525903,410.0559263,592.2168982
MOZ,2003,483.8517518,397.2174284,584.2920218
MOZ,2004,459.3048003,371.9389999,555.4709369
MOZ,2005,442.2485402,357.7040924,542.2442333
MOZ,2006,417.4201232,341.0304768,508.2158786
MOZ,2007,388.0202286,320.0973852,465.8503446
MOZ,2008,369.6138546,304.5215162,443.8891022
MOZ,2009,371.4678946,304.9278017,446.8148193
MOZ,2010,377.9403967,310.9315766,455.2480713
MOZ,2011,375.9882167,309.2642232,453.3525897
MOZ,2012,375.2321795,306.8349639,454.0731717
MOZ,2013,372.3830775,303.1662485,453.2515114
MOZ,2014,361.474302,295.9905849,439.5630684
MOZ,2015,353.6724564,289.1440929,429.6363892
MOZ,2016,345.2099754,279.345388,422.4710114
MOZ,2017,333.7416332,266.4037467,411.458819
MOZ,2018,331.298561,262.7193624,409.1742218
MOZ,2019,323.9677718,255.761796,404.1198303
MOZ,2020,320.6527106,251.9078692,402.8207691
MOZ,2021,312.4499019,248.9057621,390.1358254
MOZ,2022,304.5014421,244.4148005,374.7066373
MOZ,2023,303.5024659,241.5333724,374.6244087
MOZ,2024,295.0966751,223.2721708,377.4653984
MRT,2000,96.39398785,48.58296017,171.7810637
MRT,2001,93.67360035,46.0701112,172.8064469
MRT,2002,92.58635812,40.99860735,174.7559476
MRT,2003,96.00627541,42.07366688,197.8689857
MRT,2004,86.371944,30.95404549,166.750216
MRT,2005,84.3280398,26.14228777,163.7782497
MRT,2006,76.41339766,20.36789983,147.4889171
MRT,2007,75.79971801,20.65972553,156.336688
MRT,2008,65.48082034,15.79969076,131.2378348
MRT,2009,32.97723088,1.10274999,77.4358431
MRT,2010,36.27552519,2.030690978,80.91135736
MRT,2011,46.38845773,9.155703805,99.5201354
MRT,2012,24.33632842,1.52469554,59.41856998
MRT,2013,27.1125812,1.620088327,64.88564311
MRT,2014,56.3040842,20.04370909,112.1371878
MRT,2015,73.54566034,27.82364942,146.6367395
MRT,2016,94.53058931,40.2552784,177.3898574
MRT,2017,72.78655602,25.21778374,149.3258679
MRT,2018,79.68121244,31.37889796,157.209583
MRT,2019,60.21141041,21.31401605,122.0987976
MRT,2020,64.10621784,21.39959166,131.7292323
MRT,2021,26.24652736,11.92760356,48.30844496
MRT,2022,57.54714717,25.4120436,107.9753271
MRT,2023,42.86421682,18.46426369,80.65564135
MRT,2024,69.5535938,32.8681306,120.3716828
MUS,2021,0.0,,
MWI,2000,452.5497745,345.5767514,584.2769033
MWI,2001,464.4756371,368.9915357,577.5013482
MWI,2002,439.5542589,351.9237145,541.5938172
MWI,2003,404.3123655,323.5239428,496.7776229
MWI,2004,376.5224402,300.0060556,465.2235824
MWI,2005,373.6485527,295.8926092,460.1105383
MWI,2006,359.1515831,285.0995477,446.444826
MWI,2007,348.7644648,274.187202,434.8650259
MWI,2008,359.3578383,282.9810262,450.1536016
MWI,2009,377.5624509,301.340043,463.7091853
MWI,2010,389.8138079,314.8456834,476.9122683
MWI,2011,395.2465971,318.7805691,484.1447182
MWI,2012,354.9587618,279.9155127,443.3748471
MWI,2013,306.1345523,234.4325792,397.3604821
MWI,2014,275.0492764,205.0661843,359.2903752
MWI,2015,260.8760238,198.3785602,335.6967425
MWI,2016,260.9226051,199.7808687,337.0372148
MWI,2017,264.4414837,202.7276013,340.5307207
MWI,2018,270.9531009,195.9733768,363.1691579
MWI,2019,280.2880012,185.0099394,404.4764709
MWI,2020,283.0146401,185.2744067,409.8895115
MWI,2021,280.4884339,193.8231852,395.2495848
MWI,2022,285.5038484,200.3636734,395.0983345
MWI,2023,291.0135392,198.8099578,409.2992036
MWI,2024,294.5279965,191.2981685,431.3356252
MYS,2000,13.82914341,13.82914341,13.82914341
MYS,2001,13.58041615,13.58041615,13.58041615
MYS,2002,11.42932417,11.42932417,11.42932417
MYS,2003,6.420282338,6.420282338,6.420282338
MYS,2004,6.091440902,6.091440902,6.091440902
MYS,2005,5.388788147,5.388788147,5.388788147
MYS,2006,5.009860738,5.009860738,5.009860738
MYS,2007,3.748373745,3.748373745,3.748373745
MYS,2008,5.505068,5.505068,5.505068
MYS,2009,5.29337568,5.29337568,5.29337568
MYS,2010,4.531372821,4.531372821,4.531372821
MYS,2011,3.389682301,3.389682301,3.389682301
MYS,2012,3.086354722,3.086354722,3.086354722
MYS,2013,0.851719595,0.851719595,0.851719595
MYS,2014,0.485403288,0.485403288,0.485403288
MYS,2015,0.193706771,0.193706771,0.193706771
MYS,2016,0.209187417,0.209187417,0.209187417
MYS,2017,0.06567637,0.06567637,0.06567637
MYS,2018,0.0,0.0,0.0
MYS,2019,0.0,0.0,0.0
MYS,2020,0.0,0.0,0.0
MYS,2021,0.0,0.0,0.0
MYS,2022,0.0,0.0,0.0
MYS,2023,0.0,0.0,0.0
MYS,2024,0.0,0.0,0.0
MYT,2003,20.96846787,20.96846787,20.96846787
MYT,2004,19.29519308,19.29519308,19.29519308
MYT,2005,12.65438348,12.65438348,12.65438348
MYT,2006,7.813651777,7.813651777,7.813651777
MYT,2007,6.957847833,6.957847833,6.957847833
MYT,2008,4.582378671,4.582378671,4.582378671
MYT,2009,2.296418038,2.296418038,2.296418038
MYT,2010,5.193723703,5.193723703,5.193723703
MYT,2011,1.067121972,1.067121972,1.067121972
MYT,2012,0.601934493,0.601934493,0.601934493
MYT,2013,0.020057364,0.020057364,0.020057364
MYT,2014,0.019278967,0.019278967,0.019278967
MYT,2015,0.018509264,0.018509264,0.018509264
MYT,2016,0.319766925,0.319766925,0.319766925
MYT,2017,0.154278662,0.154278662,0.154278662
MYT,2018,0.050563786,0.050563786,0.050563786
MYT,2019,0.066137566,0.066137566,0.066137566
MYT,2020,0.031968798,0.031968798,0.031968798
MYT,2021,0.0,0.0,0.0
MYT,2022,0.0,0.0,0.0
MYT,2023,0.0,0.0,0.0
MYT,2024,0.0,0.0,0.0
NAM,2000,53.56998125,21.23768055,107.1270603
NAM,2001,69.80992937,37.78614561,125.436999
NAM,2002,46.92486955,21.81081535,92.50003666
NAM,2003,44.39199835,18.69008651,91.49542111
NAM,2004,68.43409165,33.48514168,130.2738291
NAM,2005,41.83477752,21.70979465,76.90092852
NAM,2006,43.12043819,25.86481538,71.66472177
NAM,2007,12.89613503,3.945606932,30.22164588
NAM,2008,7.443148598,0.987783488,20.25625442
NAM,2009,3.679959926,0.479689569,10.97074408
NAM,2010,1.546580743,0.475304867,3.718436914
NAM,2011,1.814932101,1.252006727,2.781095827
NAM,2012,3.132021359,1.280104661,5.396666257
NAM,2013,4.387203728,3.48558694,5.383357374
NAM,2014,14.04706366,11.12703983,17.24827395
NAM,2015,7.986840709,6.306364746,9.783521702
NAM,2016,16.55471625,13.10657886,20.23021499
NAM,2017,44.80569541,35.58663021,54.80377814
NAM,2018,24.54696366,19.42459301,30.14644493
NAM,2019,2.711721004,1.924097955,3.841101705
NAM,2020,9.324759436,7.389780669,11.43889713
NAM,2021,9.557697618,7.581329184,11.69004766
NAM,2022,7.378135206,5.842604142,9.029659467
NAM,2023,8.238249355,6.537526637,10.09332232
NAM,2024,7.199087298,5.701467175,8.83769561
NER,2000,359.2388287,201.3506255,595.4585291
NER,2001,350.7139336,196.7605324,582.7277748
NER,2002,327.8655589,184.4298358,535.7454168
NER,2003,298.9205894,177.0768116,475.5981253
NER,2004,302.7813701,190.3267819,453.036682
NER,2005,310.4929264,195.4040821,468.3834319
NER,2006,307.3921646,190.1016786,473.2674468
NER,2007,315.3735012,201.5910681,468.4301527
NER,2008,351.7614407,244.4717712,490.2716452
NER,2009,377.446166,271.1335388,514.5342808
NER,2010,410.0521523,291.3335511,566.7609905
NER,2011,424.0201445,296.5481531,584.3712985
NER,2012,427.9695499,291.9310148,606.122827
NER,2013,416.7241634,272.9954992,613.3699305
NER,2014,410.1174189,262.8948102,606.929183
NER,2015,404.9041255,257.9195449,606.6006765
NER,2016,389.3292161,248.5819951,586.0495808
NER,2017,367.771494,233.9928616,552.9402432
NER,2018,349.7528334,220.6724659,528.9866583
NER,2019,332.5602149,206.1558271,512.4344931
NER,2020,330.7829924,193.2123207,537.7292184
NER,2021,304.176622,174.8104497,491.9402185
NER,2022,305.1436384,177.367875,490.0496625
NER,2023,305.1436384,175.9578379,495.5894236
NER,2024,305.143644,177.2341506,499.5178214
NGA,2000,401.7883996,312.407753,508.7993269
NGA,2001,394.491681,306.7339686,501.4309215
NGA,2002,381.7466329,296.1644731,485.3366436
NGA,2003,382.0879866,298.4232616,484.0688728
NGA,2004,390.1169701,309.7066385,483.1967189
NGA,2005,395.897142,318.8226207,487.0066284
NGA,2006,398.5742219,321.3379213,488.2678428
NGA,2007,400.6095535,324.0281992,489.8163426
NGA,2008,402.0148632,328.5585303,486.985995
NGA,2009,389.9603704,319.6747391,471.6200167
NGA,2010,363.3581836,294.238556,443.4500325
NGA,2011,339.5066275,273.7594721,416.1799168
NGA,2012,316.2204182,255.2395212,389.0072903
NGA,2013,297.8264948,239.5965318,366.2851341
NGA,2014,287.7049251,230.3116421,354.644266
NGA,2015,283.812818,227.0686476,351.9548768
NGA,2016,284.8254203,225.4107528,353.7300677
NGA,2017,288.9798255,229.0768718,359.8038719
NGA,2018,291.073537,228.9833585,367.0693166
NGA,2019,292.9999532,226.4616604,376.2231471
NGA,2020,304.3687915,218.6892779,414.2790151
NGA,2021,299.2711055,217.4433874,407.2521096
NGA,2022,298.9976008,215.4783976,402.8461637
NGA,2023,298.9976001,215.6198428,406.1951295
NGA,2024,294.2517937,211.0299542,397.3596962
NIC,2000,6.77682409,5.671814652,7.942241902
NIC,2001,2.96496583,2.459525704,3.49766019
NIC,2002,2.150302741,1.784889186,2.536044326
NIC,2003,1.855136254,1.540017145,2.183334217
NIC,2004,1.882477379,1.564379649,2.21716397
NIC,2005,1.789386716,1.487326666,2.109102388
NIC,2006,0.826868812,0.68741465,0.975759721
NIC,2007,0.354929971,0.294775853,0.418391533
NIC,2008,0.196641766,0.16321776,0.231690869
NIC,2009,0.155088344,0.128967409,0.183414065
NIC,2010,0.173501215,0.144386285,0.204794813
NIC,2011,0.228676815,0.190010709,0.270467454
NIC,2012,0.301167003,0.250330629,0.354699245
NIC,2013,0.279350668,0.232249411,0.329485662
NIC,2014,0.270861993,0.224781737,0.319377385
NIC,2015,0.533310074,0.443311689,0.628478019
NIC,2016,1.448198594,1.201145176,1.707650037
NIC,2017,2.494655274,2.070963281,2.94390372
NIC,2018,3.579145856,2.97936194,4.224561307
NIC,2019,2.929919248,2.439174862,3.454139411
NIC,2020,5.619969004,4.670758679,6.666692341
NIC,2021,5.037647682,4.18888605,5.93874479
NIC,2022,3.444215111,2.866123021,4.068580401
NIC,2023,1.41637186,1.177549582,1.671506145
NIC,2024,1.043672228,0.867536109,1.230656656
NPL,2000,6.731418425,3.808702644,10.97449086
NPL,2001,7.698936231,2.993551875,16.59930086
NPL,2002,11.58484553,5.807132041,20.71867315
NPL,2003,9.765713226,4.063284519,20.05075608
NPL,2004,4.602273833,1.968993118,10.12697117
NPL,2005,4.715569244,1.946690509,10.91282911
NPL,2006,4.610119736,1.881005197,10.49720259
NPL,2007,5.417258051,2.267288631,11.55354158
NPL,2008,3.955323459,1.640525359,9.384356704
NPL,2009,3.249469077,1.484006157,7.54669013
NPL,2010,3.802783679,1.873137948,7.959081035
NPL,2011,2.320937573,1.216501901,4.941273208
NPL,2012,1.708489349,1.058073506,3.443543318
NPL,2013,1.268512558,0.872255269,2.170352725
NPL,2014,0.611214619,0.375165325,1.234004612
NPL,2015,0.540815815,0.300356976,1.141901036
NPL,2016,0.41299863,0.285265285,0.717734467
NPL,2017,0.330675026,0.265646368,0.422750811
NPL,2018,0.335510061,0.246850056,0.484993528
NPL,2019,0.021328538,0.017935361,0.024964084
NPL,2020,0.010817477,0.00915325,0.012719451
NPL,2021,0.003738331,0.003738331,0.003738331
NPL,2022,0.004171595,0.004171595,0.004171595
NPL,2023,0.001739383,0.001739383,0.001739383
NPL,2024,0.004296782,0.004296782,0.004296782
OMN,2000,0.002629122,0.002629122,0.002629122
OMN,2001,0.00086572,0.00086572,0.00086572
OMN,2002,0.00256724,0.00256724,0.00256724
OMN,2003,0.002538291,0.002538291,0.002538291
OMN,2004,0.0,0.0,0.0
OMN,2005,0.0,0.0,0.0
OMN,2006,0.0,0.0,0.0
OMN,2007,0.001556315,0.001556315,0.001556315
OMN,2008,0.0,0.0,0.0
OMN,2009,0.0,0.0,0.0
OMN,2010,0.0,0.0,0.0
OMN,2011,0.0,0.0,0.0
OMN,2012,0.0,0.0,0.0
OMN,2013,0.0,0.0,0.0
OMN,2014,0.0,0.0,0.0
OMN,2015,0.0,0.0,0.0
OMN,2016,0.0,0.0,0.0
OMN,2017,0.0,0.0,0.0
OMN,2018,0.0,0.0,0.0
OMN,2019,0.0,0.0,0.0
OMN,2020,0.0,0.0,0.0
OMN,2021,0.0,0.0,0.0
OMN,2022,0.0,0.0,0.0
OMN,2023,0.0,0.0,0.0
OMN,2024,0.0,0.0,0.0
PAK,2000,6.084818199,2.377731173,14.53809186
PAK,2001,6.627721028,2.79074153,15.05884651
PAK,2002,6.022002706,2.219950622,14.84194755
PAK,2003,5.628739646,2.417253952,13.15360448
PAK,2004,4.059432905,2.265263387,7.924345973
PAK,2005,4.899825762,2.16795651,11.51488882
PAK,2006,4.81808301,2.014742336,11.62741812
PAK,2007,4.605861602,1.953556286,11.18644616
PAK,2008,4.099872596,1.498685266,10.54224293
PAK,2009,5.315151617,2.297244767,11.97090695
PAK,2010,7.380789413,3.27371068,15.41830721
PAK,2011,9.515189185,4.546541105,18.77098954
PAK,2012,8.094528935,3.824681037,16.36085543
PAK,2013,6.655178358,3.494672704,12.89047215
PAK,2014,4.721672099,2.641225801,8.609522351
PAK,2015,4.682778163,2.437196214,9.598552438
PAK,2016,4.700275398,3.053404341,7.935655034
PAK,2017,3.735459131,2.688830902,5.743867153
PAK,2018,3.16244487,2.449630745,4.381768606
PAK,2019,2.822686032,2.235721588,3.762034934
PAK,2020,2.350049646,1.859134656,3.137038049
PAK,2021,2.148534645,1.702309217,2.878700171
PAK,2022,11.08382768,8.734966821,14.89704113
PAK,2023,17.60869649,13.93714653,23.50345554
PAK,2024,12.77160652,10.11061848,17.17651291
PAN,2000,0.540916812,0.520589049,0.576118548
PAN,2001,0.475058458,0.457067504,0.507150432
PAN,2002,1.127030611,1.085059094,1.200957714
PAN,2003,2.217418362,2.134598558,2.365277446
PAN,2004,2.462960336,2.37114448,2.621801767
PAN,2005,1.739403089,1.674980752,1.850678034
PAN,2006,0.774344991,0.745600031,0.825201458
PAN,2007,0.585727696,0.563583802,0.624805155
PAN,2008,0.333840134,0.321475684,0.35601087
PAN,2009,0.342945437,0.330383333,0.36597596
PAN,2010,0.18098669,0.173994023,0.192915358
PAN,2011,0.15032441,0.145061035,0.160426857
PAN,2012,0.35256269,0.339460698,0.376384493
PAN,2013,0.288727531,0.277412533,0.307455803
PAN,2014,0.385396059,0.365838647,0.409938693
PAN,2015,0.216717554,0.208425752,0.230662858
PAN,2016,0.29968657,0.288943788,0.319690371
PAN,2017,0.291682886,0.275660356,0.311346901
PAN,2018,0.282545965,0.253181238,0.305106669
PAN,2019,0.652040057,0.627368271,0.695039455
PAN,2020,0.71302326,0.686254469,0.75856497
PAN,2021,1.430572906,1.430572906,1.430572906
PAN,2022,1.609622736,1.609622736,1.609622736
PAN,2023,3.175035684,3.175035684,3.175035684
PAN,2024,3.503627246,3.503627246,3.503627246
PER,2000,13.18887387,9.126343957,18.98890182
PER,2001,9.920763816,7.849777105,12.08514689
PER,2002,12.03240988,9.774448297,14.41197848
PER,2003,10.32225856,8.584778527,12.18463574
PER,2004,10.54800404,8.963138708,12.21869125
PER,2005,9.79739185,8.347629917,11.38698774
PER,2006,7.196041755,6.130757186,8.33802034
PER,2007,5.589379064,4.759708816,6.488754803
PER,2008,4.841267801,4.139918739,5.59422954
PER,2009,4.584779027,3.938317254,5.28552728
PER,2010,3.312988426,2.888609988,3.772296057
PER,2011,2.686830465,2.280730167,3.115870563
PER,2012,3.484085792,2.854592558,4.148215682
PER,2013,5.351163429,4.373128141,6.37540842
PER,2014,7.096206882,5.812838896,8.465153588
PER,2015,7.26401765,5.937366406,8.698284125
PER,2016,6.00802285,4.927583429,7.172920707
PER,2017,5.913323705,4.855930604,7.043448689
PER,2018,4.665913267,3.823803924,5.538635805
PER,2019,3.588054976,2.60762478,5.022141208
PER,2020,2.306228717,1.68324846,3.228417824
PER,2021,1.785398344,1.46156932,2.124510762
PER,2022,2.718322812,2.227058599,3.229135903
PER,2023,2.188261009,1.797004695,2.608199272
PER,2024,3.245010697,2.658076056,3.860218547
PHL,2000,1.730533585,1.29715149,2.226220538
PHL,2001,1.188439387,0.885387555,1.542938154
PHL,2002,1.464053165,1.096316757,1.878204321
PHL,2003,2.043487674,1.538516864,2.608242796
PHL,2004,1.8193262,1.328956214,2.37577527
PHL,2005,1.627989255,1.16882172,2.145214457
PHL,2006,1.982548843,1.397175469,2.635239136
PHL,2007,2.133060476,1.461401634,2.883002888
PHL,2008,1.386974256,0.924023435,1.911165248
PHL,2009,1.073835716,0.730567547,1.449966647
PHL,2010,0.957062549,0.661940243,1.273377695
PHL,2011,0.419451016,0.297584783,0.549505733
PHL,2012,0.329735738,0.238525219,0.42921889
PHL,2013,0.295693838,0.218199957,0.380259778
PHL,2014,0.237741707,0.173216618,0.308528312
PHL,2015,0.456527913,0.32395706,0.612036006
PHL,2016,0.279395834,0.199215622,0.36939114
PHL,2017,0.264313704,0.185892086,0.353412808
PHL,2018,0.171566663,0.120599559,0.23021531
PHL,2019,0.210482043,0.148855868,0.281622361
PHL,2020,0.23194311,0.163502368,0.310192396
PHL,2021,0.161572777,0.113674889,0.21685882
PHL,2022,0.123368422,0.086552927,0.165050999
PHL,2023,0.232524024,0.16316273,0.312475246
PHL,2024,0.353124471,0.24753777,0.473109003
PNG,2000,264.0838654,82.71802669,477.7576759
PNG,2001,251.9979715,88.9586641,450.0615657
PNG,2002,208.6163697,61.80707116,377.7554805
PNG,2003,217.7017722,68.7809122,399.9855282
PNG,2004,269.9440475,89.70019316,481.0450027
PNG,2005,216.2664543,71.51642733,392.8964352
PNG,2006,219.5824664,77.73678739,388.2967617
PNG,2007,179.6925443,58.80775817,327.8008382
PNG,2008,164.3207345,52.21803533,300.4367151
PNG,2009,211.0878401,80.70982299,368.7593989
PNG,2010,141.387404,50.67197675,252.070656
PNG,2011,114.3929788,41.47868029,202.6733554
PNG,2012,154.6660909,50.49661321,317.255667
PNG,2013,171.0552607,92.67944199,269.2553546
PNG,2014,189.3447728,109.8763721,296.8205359
PNG,2015,101.1897641,65.9557646,143.9015927
PNG,2016,134.9033896,90.44059581,185.2512275
PNG,2017,134.0299959,86.92403969,191.4852505
PNG,2018,138.5673744,90.4666905,196.3514101
PNG,2019,140.0950774,95.10034853,190.9319847
PNG,2020,149.7716169,102.9710735,201.1781174
PNG,2021,123.5518675,85.45659517,164.3610425
PNG,2022,162.6976874,112.5677375,215.8366312
PNG,2023,147.2018026,101.5904168,195.4489667
PNG,2024,151.7625725,105.4662714,201.9865525
PRK,2000,9.790743423,9.790743423,9.790743423
PRK,2001,12.41806723,12.41806723,12.41806723
PRK,2002,10.56054134,10.56054134,10.56054134
PRK,2003,1.756047629,1.756047629,1.756047629
PRK,2004,1.669149773,1.669149773,1.669149773
PRK,2005,0.705434308,0.705434308,0.705434308
PRK,2006,0.721046409,0.721046409,0.721046409
PRK,2007,0.497659547,0.497659547,0.497659547
PRK,2008,1.715778072,1.715778072,1.715778072
PRK,2009,1.504455634,1.504455634,1.504455634
PRK,2010,1.384060375,1.384060375,1.384060375
PRK,2011,1.708181629,1.708181629,1.708181629
PRK,2012,2.216898284,2.216898284,2.216898284
PRK,2013,1.454938758,1.454938758,1.454938758
PRK,2014,1.058820041,1.058820041,1.058820041
PRK,2015,0.702321853,0.702321853,0.702321853
PRK,2016,0.500978416,0.500978416,0.500978416
PRK,2017,0.456058157,0.456058157,0.456058157
PRK,2018,0.364789327,0.364789327,0.364789327
PRK,2019,0.183613556,0.183613556,0.183613556
PRK,2020,0.178026778,0.178026778,0.178026778
PRK,2021,0.229835069,0.229835069,0.229835069
PRK,2022,0.207523081,0.207523081,0.207523081
PRK,2023,0.305971331,0.305971331,0.305971331
PRK,2024,0.50515084,0.50515084,0.50515084
PRY,2000,37.31940685,37.31940685,37.31940685
PRY,2001,14.48949431,14.48949431,14.48949431
PRY,2002,14.65098967,14.65098967,14.65098967
PRY,2003,7.238554167,7.238554167,7.238554167
PRY,2004,3.567488426,3.567488426,3.567488426
PRY,2005,1.90179013,1.90179013,1.90179013
PRY,2006,4.13754825,4.13754825,4.13754825
PRY,2007,6.68042391,6.68042391,6.68042391
PRY,2008,1.637900321,1.637900321,1.637900321
PRY,2009,0.391841853,0.391841853,0.391841853
PRY,2010,0.096821355,0.096821355,0.096821355
PRY,2011,0.004777237,0.004777237,0.004777237
PRY,2012,0.0,0.0,0.0
PRY,2013,0.0,0.0,0.0
PRY,2014,0.0,0.0,0.0
PRY,2015,0.0,0.0,0.0
PRY,2016,0.0,0.0,0.0
PRY,2017,0.0,0.0,0.0
PRY,2018,0.0,0.0,0.0
PRY,2019,0.0,0.0,0.0
PRY,2020,0.0,0.0,0.0
PRY,2021,0.0,0.0,0.0
PRY,2022,0.0,0.0,0.0
PRY,2023,0.0,0.0,0.0
PRY,2024,0.0,0.0,0.0
RWA,2000,180.4321439,74.76782734,373.7771597
RWA,2001,171.3430546,82.43939311,319.6724932
RWA,2002,156.9898502,80.45382956,279.4391311
RWA,2003,139.2213116,71.61245505,218.9376228
RWA,2004,122.340729,45.92635936,205.8310667
RWA,2005,152.0588373,34.09995529,255.1879016
RWA,2006,150.0607684,35.50572541,237.9769849
RWA,2007,88.01726672,53.14601684,131.6867485
RWA,2008,69.73095799,42.93131063,102.1095405
RWA,2009,153.7369522,100.0906248,215.6589986
RWA,2010,104.653206,72.4594824,138.2102399
RWA,2011,36.94163641,27.57434626,46.7888966
RWA,2012,59.68531014,47.15994634,72.62751294
RWA,2013,109.4911902,91.24748723,128.8294035
RWA,2014,202.3026977,151.95914,254.4458672
RWA,2015,308.0374762,229.2430225,389.9888634
RWA,2016,410.0814628,301.6446975,523.2871498
RWA,2017,711.4383145,520.2246567,914.8840134
RWA,2018,477.5673375,360.7913572,600.5525967
RWA,2019,385.3459071,299.5446773,475.0557975
RWA,2020,213.1164655,165.6130296,262.5226325
RWA,2021,118.7353148,92.22065126,146.4344517
RWA,2022,85.57229747,66.53803779,105.5851848
RWA,2023,53.64373899,41.74752486,66.02376937
RWA,2024,77.13835155,59.95770826,94.97175547
SAU,2000,3.809161471,3.809161471,3.809161471
SAU,2001,1.682190722,1.682190722,1.682190722
SAU,2002,1.359978923,1.359978923,1.359978923
SAU,2003,0.85577934,0.85577934,0.85577934
SAU,2004,0.584109657,0.584109657,0.584109657
SAU,2005,0.480343343,0.480343343,0.480343343
SAU,2006,0.555386072,0.555386072,0.555386072
SAU,2007,0.194697394,0.194697394,0.194697394
SAU,2008,0.024427359,0.024427359,0.024427359
SAU,2009,0.022334304,0.022334304,0.022334304
SAU,2010,0.010750125,0.010750125,0.010750125
SAU,2011,0.024648544,0.024648544,0.024648544
SAU,2012,0.028256833,0.028256833,0.028256833
SAU,2013,0.011313098,0.011313098,0.011313098
SAU,2014,0.009647788,0.009647788,0.009647788
SAU,2015,0.025822381,0.025822381,0.025822381
SAU,2016,0.082576258,0.082576258,0.082576258
SAU,2017,0.053622536,0.053622536,0.053622536
SAU,2018,0.018734034,0.018734034,0.018734034
SAU,2019,0.011629142,0.011629142,0.011629142
SAU,2020,0.024975611,0.024975611,0.024975611
SAU,2021,0.0,0.0,0.0
SAU,2022,0.0,0.0,0.0
SAU,2023,0.0,0.0,0.0
SAU,2024,0.0,0.0,0.0
SDN,2000,89.72078112,64.74060641,121.2350042
SDN,2001,83.54214029,58.75309073,114.3788427
SDN,2002,65.50155263,44.72845927,92.25781711
SDN,2003,60.42416662,41.61871716,84.79969585
SDN,2004,54.27527905,37.01021729,76.47678146
SDN,2005,53.24647853,36.43987692,75.28244354
SDN,2006,52.20402886,36.9258084,71.87693747
SDN,2007,45.08191793,32.88858863,60.54600741
SDN,2008,37.180668,27.81010168,48.50970122
SDN,2009,34.30455489,26.5182101,43.9065639
SDN,2010,32.38993269,24.46335529,41.96968442
SDN,2011,32.03359659,24.41749639,41.19503588
SDN,2012,32.33036983,24.60086385,41.28053252
SDN,2013,33.69962744,24.53113928,45.0096376
SDN,2014,37.1022384,26.45240033,50.50182535
SDN,2015,43.24928442,32.33081939,56.74941825
SDN,2016,50.433942,39.32593425,63.94268373
SDN,2017,56.38232774,43.15748511,72.25491443
SDN,2018,59.35359768,41.11749365,84.24360933
SDN,2019,63.16463832,37.6211846,102.0949204
SDN,2020,65.75720383,36.68652515,108.2598739
SDN,2021,70.36243884,40.69078718,113.633465
SDN,2022,72.02381694,41.24812627,117.4320902
SDN,2023,97.57329677,57.39505681,156.0096704
SDN,2024,98.2517341,56.37278325,159.6665443
SEN,2000,230.3671854,156.3508451,327.3633713
SEN,2001,176.6104223,65.4944726,265.8601214
SEN,2002,156.9781585,48.27575903,257.2467895
SEN,2003,168.085572,67.68067468,262.7358813
SEN,2004,129.1973617,28.09641413,240.8189557
SEN,2005,132.258173,39.21985654,230.179502
SEN,2006,121.5337892,38.41200994,214.4673057
SEN,2007,98.56509704,29.73784409,183.7545134
SEN,2008,52.18425924,32.9277077,75.69852715
SEN,2009,32.88483487,22.44800338,44.74458696
SEN,2010,60.3964477,42.41050074,80.33369232
SEN,2011,48.30951649,34.05249182,64.26115311
SEN,2012,53.04235891,36.79315546,71.89512463
SEN,2013,57.86767836,41.28246726,76.75070304
SEN,2014,37.64684834,27.60235918,48.8834626
SEN,2015,69.27335982,47.04620193,93.8759745
SEN,2016,45.5038804,31.24255879,61.42858402
SEN,2017,52.06403541,36.178429,68.98699716
SEN,2018,65.83047734,45.83155089,88.09923662
SEN,2019,41.10709029,27.80536425,55.55419273
SEN,2020,35.58551473,28.12338084,43.44792483
SEN,2021,41.85352816,33.06127868,51.1073964
SEN,2022,38.09999862,30.08006638,46.81492709
SEN,2023,34.68756564,24.54720139,49.28468689
SEN,2024,36.78065012,28.9143721,45.3384837
SLB,2000,583.8179717,303.8720234,955.2211373
SLB,2001,643.0674286,349.0113757,1046.480524
SLB,2002,618.2138806,338.3218493,1013.304358
SLB,2003,518.2787963,363.9472384,750.5246581
SLB,2004,718.9803858,399.5882851,1162.740229
SLB,2005,598.0462061,320.4211091,970.9002005
SLB,2006,579.2096195,301.0339506,961.4615032
SLB,2007,314.0261697,223.0254588,451.4657086
SLB,2008,184.8692282,133.0331228,264.8412653
SLB,2009,146.8051053,104.7720188,209.0856677
SLB,2010,173.2722056,125.5038966,249.109143
SLB,2011,114.4944877,80.06074002,165.7998959
SLB,2012,91.95942733,68.13086622,128.7778893
SLB,2013,91.15357516,68.53508943,126.3955551
SLB,2014,56.98515566,42.81840167,74.52950365
SLB,2015,62.89058798,51.87032005,77.25684023
SLB,2016,128.369785,109.3835112,153.5537717
SLB,2017,156.798475,121.0135619,213.5165156
SLB,2018,125.884426,105.4980064,150.4250302
SLB,2019,195.7550998,151.4245039,265.4987758
SLB,2020,154.6957953,134.8694395,182.7399115
SLB,2021,204.1326419,168.6778526,249.0578371
SLB,2022,210.9485228,178.0223859,252.610523
SLB,2023,240.8242372,209.4099785,284.6447308
SLB,2024,224.2794751,189.9021401,269.2423669
SLE,2000,424.5773419,284.9398885,625.6631121
SLE,2001,425.0596936,277.664449,630.0167707
SLE,2002,425.579018,280.7050038,620.1684715
SLE,2003,414.2987013,281.6093412,588.1885483
SLE,2004,405.3917347,272.7756242,578.8088418
SLE,2005,401.1913019,272.8582485,569.8200578
SLE,2006,397.648239,278.9301775,552.7834776
SLE,2007,405.146006,293.9828175,548.4656532
SLE,2008,427.0981736,320.1803537,558.3611577
SLE,2009,445.0370778,344.0919763,561.8408837
SLE,2010,438.8863123,338.1077854,558.8244012
SLE,2011,427.789827,331.8978579,543.5169371
SLE,2012,413.4357999,327.2234311,513.7724085
SLE,2013,396.1229964,319.8211035,487.2156318
SLE,2014,380.2951696,302.1368568,470.535503
SLE,2015,367.8219521,294.0538965,455.2095904
SLE,2016,363.5640182,291.7037295,447.9831348
SLE,2017,350.548609,271.2223885,447.0822703
SLE,2018,340.6108335,236.4564039,480.1315642
SLE,2019,321.8810006,194.9157048,504.2935739
SLE,2020,313.1107538,178.197648,510.1879917
SLE,2021,305.8165182,177.2749142,491.1572119
SLE,2022,298.1900264,171.8913159,481.7050774
SLE,2023,284.0818617,158.7094522,473.9283302
SLE,2024,282.6656771,153.5705359,474.1438433
SLV,2000,0.624117802,0.624117802,0.624117802
SLV,2001,0.29879919,0.29879919,0.29879919
SLV,2002,0.096273714,0.096273714,0.096273714
SLV,2003,0.069802868,0.069802868,0.069802868
SLV,2004,0.091882509,0.091882509,0.091882509
SLV,2005,0.054957133,0.054957133,0.054957133
SLV,2006,0.040214367,0.040214367,0.040214367
SLV,2007,0.032787046,0.032787046,0.032787046
SLV,2008,0.026961952,0.026961952,0.026961952
SLV,2009,0.017103763,0.017103763,0.017103763
SLV,2010,0.013800337,0.013800337,0.013800337
SLV,2011,0.005662079,0.005662079,0.005662079
SLV,2012,0.010474275,0.010474275,0.010474275
SLV,2013,0.004814698,0.004814698,0.004814698
SLV,2014,0.00479586,0.00479586,0.00479586
SLV,2015,0.003983156,0.003983156,0.003983156
SLV,2016,0.009533176,0.009533176,0.009533176
SLV,2017,0.0,0.0,0.0
SLV,2018,0.0,0.0,0.0
SLV,2019,0.0,0.0,0.0
SLV,2020,0.0,0.0,0.0
SLV,2021,0.0,0.0,0.0
SLV,2022,0.0,0.0,0.0
SLV,2023,0.0,0.0,0.0
SLV,2024,0.0,0.0,0.0
SOM,2000,133.1487967,77.61684026,218.2294526
SOM,2001,141.0350587,81.45435073,227.9281807
SOM,2002,133.3746175,78.11295329,212.0899517
SOM,2003,132.1924761,85.85948078,193.4833331
SOM,2004,120.7243694,85.95141007,164.0843185
SOM,2005,131.65727,95.94125098,175.0934779
SOM,2006,118.9933835,87.42485195,158.7684107
SOM,2007,95.9033987,70.8226574,127.0293739
SOM,2008,60.0317206,43.08291658,81.74214042
SOM,2009,38.09675968,26.88551927,52.68639621
SOM,2010,41.11531823,28.71296126,57.17277566
SOM,2011,33.62164675,23.78744586,46.35468097
SOM,2012,34.12868465,24.67299393,46.20349751
SOM,2013,40.42660553,28.42163863,55.46021498
SOM,2014,46.6133228,32.46832282,64.89079493
SOM,2015,55.21532867,36.24470494,80.18549228
SOM,2016,55.24840509,31.95572747,89.01692239
SOM,2017,54.91012748,30.92041607,88.62493832
SOM,2018,56.16008971,34.80077089,85.49966814
SOM,2019,56.64840888,37.89156315,81.20975018
SOM,2020,56.50004594,38.17925175,79.93582291
SOM,2021,55.35059602,34.80323808,83.18560865
SOM,2022,54.67293738,30.97143804,90.15120411
SOM,2023,54.37496238,30.0025996,91.77170228
SOM,2024,53.27749777,28.53836423,92.16872705
SSD,2000,344.5878639,247.0074393,466.6594002
SSD,2001,344.9102949,249.1787288,466.1611653
SSD,2002,339.6918145,241.6538739,462.8841215
SSD,2003,329.7816091,228.2361679,457.2532574
SSD,2004,315.4955156,212.0908377,454.087876
SSD,2005,305.8574786,210.063236,430.8555847
SSD,2006,292.7595296,211.843624,394.1916569
SSD,2007,274.799682,210.8921856,349.9588469
SSD,2008,268.0990745,212.4397331,333.7106345
SSD,2009,271.1154668,219.2959506,330.7979337
SSD,2010,275.6155299,215.638386,346.787446
SSD,2011,281.3275987,213.686242,363.0265946
SSD,2012,278.3962611,210.4304594,359.7176221
SSD,2013,276.1013856,209.065503,358.6147059
SSD,2014,271.0397406,200.8504396,355.7344448
SSD,2015,269.3070963,194.4151578,363.2468055
SSD,2016,265.7058078,187.7183613,367.6104228
SSD,2017,277.3002801,192.3979714,386.1388313
SSD,2018,276.3027121,185.4328598,395.5390494
SSD,2019,285.9328602,189.3208386,416.6272513
SSD,2020,281.6038036,183.4669117,420.8643584
SSD,2021,276.8211762,178.5715291,411.7899382
SSD,2022,274.7837187,177.22787,408.6503397
SSD,2023,264.9337207,167.2379128,395.1279977
SSD,2024,254.0781492,152.9694812,390.4269703
STP,2000,222.0208585,222.0208585,222.0208585
STP,2001,287.5217763,287.5217763,287.5217763
STP,2002,337.4177067,337.4177067,337.4177067
STP,2003,277.3219603,277.3219603,277.3219603
STP,2004,294.7655433,294.7655433,294.7655433
STP,2005,112.2192045,112.2192045,112.2192045
STP,2006,31.06775015,31.06775015,31.06775015
STP,2007,14.26643646,14.26643646,14.26643646
STP,2008,36.00835477,36.00835477,36.00835477
STP,2009,34.75904258,34.75904258,34.75904258
STP,2010,17.3045401,17.3045401,17.3045401
STP,2011,45.47290855,45.47290855,45.47290855
STP,2012,66.24823822,66.24823822,66.24823822
STP,2013,47.85474276,47.85474276,47.85474276
STP,2014,8.914096368,8.914096368,8.914096368
STP,2015,10.26506433,10.26506433,10.26506433
STP,2016,10.98739248,10.98739248,10.98739248
STP,2017,10.81799295,10.81799295,10.81799295
STP,2018,13.97327142,13.97327142,13.97327142
STP,2019,11.46715903,11.46715903,11.46715903
STP,2020,8.890053993,8.890053993,8.890053993
STP,2021,12.24989976,12.24989976,12.24989976
STP,2022,17.5426968,17.5426968,17.5426968
STP,2023,10.17018162,10.17018162,10.17018162
STP,2024,30.08881869,30.08881869,30.08881869
SUR,2000,161.3778409,161.3778409,161.3778409
SUR,2001,222.6845152,222.6845152,222.6845152
SUR,2002,175.0340878,175.0340878,175.0340878
SUR,2003,146.8240705,146.8240705,146.8240705
SUR,2004,110.3733565,110.3733565,110.3733565
SUR,2005,119.0451357,119.0451357,119.0451357
SUR,2006,42.41572309,42.41572309,42.41572309
SUR,2007,14.07606686,14.07606686,14.07606686
SUR,2008,26.28826354,26.28826354,26.28826354
SUR,2009,31.12699915,31.12699915,31.12699915
SUR,2010,21.80416877,21.80416877,21.80416877
SUR,2011,9.67624148,9.67624148,9.67624148
SUR,2012,6.847172082,6.847172082,6.847172082
SUR,2013,6.246727904,6.246727904,6.246727904
SUR,2014,4.718646302,4.718646302,4.718646302
SUR,2015,0.942891067,0.942891067,0.942891067
SUR,2016,0.898503646,0.898503646,0.898503646
SUR,2017,1.562303999,1.562303999,1.562303999
SUR,2018,0.338803122,0.338803122,0.338803122
SUR,2019,1.162387813,1.162387813,1.162387813
SUR,2020,1.625404969,1.625404969,1.625404969
SUR,2021,0.241061547,0.241061547,0.241061547
SUR,2022,0.0,0.0,0.0
SUR,2023,0.0,0.0,0.0
SUR,2024,0.0,0.0,0.0
SWZ,2000,2.702378299,1.152283132,4.70172671
SWZ,2001,4.740093375,4.740093375,4.740093375
SWZ,2002,2.258607147,2.258607147,2.258607147
SWZ,2003,1.145053503,1.145053503,1.145053503
SWZ,2004,1.910251461,1.910251461,1.910251461
SWZ,2005,0.923455777,0.923455777,0.923455777
SWZ,2006,0.510469566,0.510469566,0.510469566
SWZ,2007,0.275051818,0.275051818,0.275051818
SWZ,2008,0.188639357,0.188639357,0.188639357
SWZ,2009,0.342552078,0.342552078,0.342552078
SWZ,2010,0.861010981,0.861010981,0.861010981
SWZ,2011,1.2108897,1.2108897,1.2108897
SWZ,2012,1.299728932,1.299728932,1.299728932
SWZ,2013,2.300906772,2.300906772,2.300906772
SWZ,2014,1.222643739,1.222643739,1.222643739
SWZ,2015,0.993790373,0.993790373,0.993790373
SWZ,2016,0.7767304,0.7767304,0.7767304
SWZ,2017,1.356793527,1.356793527,1.356793527
SWZ,2018,2.09593645,2.09593645,2.09593645
SWZ,2019,0.762794978,0.762794978,0.762794978
SWZ,2020,0.697679989,0.697679989,0.697679989
SWZ,2021,1.494763887,1.494763887,1.494763887
SWZ,2022,0.627021705,0.627021705,0.627021705
SWZ,2023,1.73274008,1.73274008,1.73274008
SWZ,2024,0.554613638,0.554613638,0.554613638
SYR,2000,0.000360623,0.000360623,0.000360623
SYR,2001,0.003694725,0.003694725,0.003694725
SYR,2002,0.000858697,0.000858697,0.000858697
SYR,2003,0.000111799,0.000111799,0.000111799
SYR,2004,5.5e-05,5.5e-05,5.5e-05
SYR,2005,0.0,0.0,0.0
SYR,2006,0.0,0.0,0.0
SYR,2007,0.0,0.0,0.0
SYR,2008,0.0,0.0,0.0
SYR,2009,0.0,0.0,0.0
SYR,2010,0.0,0.0,0.0
SYR,2011,0.0,0.0,0.0
SYR,2012,0.0,0.0,0.0
SYR,2013,0.0,0.0,0.0
SYR,2014,0.0,0.0,0.0
SYR,2015,0.0,0.0,0.0
SYR,2016,0.0,0.0,0.0
SYR,2017,0.0,0.0,0.0
SYR,2018,0.0,0.0,0.0
SYR,2019,0.0,0.0,0.0
SYR,2020,0.0,0.0,0.0
SYR,2021,0.0,0.0,0.0
SYR,2022,0.0,0.0,0.0
SYR,2023,0.0,0.0,0.0
SYR,2024,0.0,0.0,0.0
TCD,2000,272.1289102,159.6090575,435.9609616
TCD,2001,276.6169047,161.809156,445.0035388
TCD,2002,243.1752468,138.2798233,405.9418591
TCD,2003,240.3368691,135.944008,398.5661062
TCD,2004,237.3915434,133.5370341,394.8200289
TCD,2005,241.2660286,139.8173671,384.0708486
TCD,2006,242.1988353,149.0358822,370.0353063
TCD,2007,236.1432827,151.799793,349.0131763
TCD,2008,237.8555199,162.6035824,335.5025712
TCD,2009,245.1041848,186.501472,318.4824567
TCD,2010,244.6646967,195.7948745,301.6637451
TCD,2011,228.3630494,180.7821778,285.1462732
TCD,2012,215.4749261,160.4790692,284.7330836
TCD,2013,208.0210694,137.5576778,299.7284262
TCD,2014,212.0052629,132.3629732,319.116706
TCD,2015,215.0271111,132.8429474,327.6377594
TCD,2016,214.2996233,130.6576532,329.4489723
TCD,2017,217.0853296,135.2744949,336.6186489
TCD,2018,224.9858194,144.0756258,334.8931273
TCD,2019,217.2197469,136.7474702,327.5177126
TCD,2020,208.7426512,126.7810727,324.1776697
TCD,2021,206.6533232,125.3333612,318.1594872
TCD,2022,209.093854,123.9588102,330.3249113
TCD,2023,205.1214391,122.0422771,323.2553283
TCD,2024,206.1380953,121.6401696,330.0790259
TGO,2000,445.1167268,326.993201,589.2620694
TGO,2001,441.7516109,311.2610239,602.6139476
TGO,2002,450.6022512,326.838966,611.9225975
TGO,2003,466.2088634,360.6381861,590.7484845
TGO,2004,478.6739525,378.8655568,595.7189562
TGO,2005,481.5060181,381.3894282,598.5438473
TGO,2006,474.9405557,372.2876975,592.870755
TGO,2007,447.2647287,342.6324393,575.8236291
TGO,2008,396.3294881,291.8727033,524.0542702
TGO,2009,343.1490118,255.4551109,451.0820316
TGO,2010,318.5258571,243.5394737,413.4489253
TGO,2011,310.5693739,238.0153638,398.6288172
TGO,2012,336.2069791,266.7199041,418.3951107
TGO,2013,369.590891,301.6231411,448.0258267
TGO,2014,368.9771092,301.9169148,446.0527304
TGO,2015,372.3465213,301.4249409,454.4557035
TGO,2016,368.5680178,297.7993174,451.4047778
TGO,2017,351.1472248,282.6713769,431.2242813
TGO,2018,322.4549685,251.3873542,406.157512
TGO,2019,289.9780552,212.5595322,386.5965097
TGO,2020,283.9224335,204.2293119,386.2154545
TGO,2021,279.5067973,204.6844846,378.1018109
TGO,2022,278.590208,201.6713133,371.4259751
TGO,2023,264.7971586,192.527036,353.8538076
TGO,2024,249.252173,166.3377153,356.9556059
THA,2000,6.570644147,6.570644147,6.570644147
THA,2001,5.25961962,5.25961962,5.25961962
THA,2002,3.653487217,3.653487217,3.653487217
THA,2003,3.03467688,3.03467688,3.03467688
THA,2004,2.148922157,2.148922157,2.148922157
THA,2005,2.377336516,2.377336516,2.377336516
THA,2006,2.398217083,2.398217083,2.398217083
THA,2007,2.605598684,2.605598684,2.605598684
THA,2008,2.226467145,2.226467145,2.226467145
THA,2009,2.279166398,2.279166398,2.279166398
THA,2010,2.495843782,2.495843782,2.495843782
THA,2011,1.901288045,1.901288045,1.901288045
THA,2012,3.559070515,3.559070515,3.559070515
THA,2013,3.138871485,3.138871485,3.138871485
THA,2014,3.093455793,3.093455793,3.093455793
THA,2015,1.306905269,1.306905269,1.306905269
THA,2016,0.898086717,0.898086717,0.898086717
THA,2017,0.549122711,0.549122711,0.549122711
THA,2018,0.377279811,0.377279811,0.377279811
THA,2019,0.299364887,0.299364887,0.299364887
THA,2020,0.229722097,0.229722097,0.229722097
THA,2021,0.178238478,0.178238478,0.178238478
THA,2022,0.460018501,0.460018501,0.460018501
THA,2023,0.67388129,0.67388129,0.67388129
THA,2024,0.57927659,0.57927659,0.57927659
TJK,2000,9.081983192,9.081983192,9.081983192
TJK,2001,5.320871395,5.320871395,5.320871395
TJK,2002,2.823645464,2.823645464,2.823645464
TJK,2003,2.44068699,2.44068699,2.44068699
TJK,2004,1.581981286,1.581981286,1.581981286
TJK,2005,0.998332797,0.998332797,0.998332797
TJK,2006,0.570161465,0.570161465,0.570161465
TJK,2007,0.264257966,0.264257966,0.264257966
TJK,2008,0.129741586,0.129741586,0.129741586
TJK,2009,0.065554479,0.065554479,0.065554479
TJK,2010,0.04343039,0.04343039,0.04343039
TJK,2011,0.024871072,0.024871072,0.024871072
TJK,2012,0.010460626,0.010460626,0.010460626
TJK,2013,0.001457521,0.001457521,0.001457521
TJK,2014,0.000710698,0.000710698,0.000710698
TJK,2015,0.0,0.0,0.0
TJK,2016,0.0,0.0,0.0
TJK,2017,0.0,0.0,0.0
TJK,2018,0.0,0.0,0.0
TJK,2019,0.0,0.0,0.0
TJK,2020,0.0,0.0,0.0
TJK,2021,0.0,0.0,0.0
TJK,2022,0.0,0.0,0.0
TJK,2023,0.0,0.0,0.0
TJK,2024,0.0,0.0,0.0
TKM,2000,0.08057098,0.08057098,0.08057098
TKM,2001,0.026324362,0.026324362,0.026324362
TKM,2002,0.058061707,0.058061707,0.058061707
TKM,2003,0.022141319,0.022141319,0.022141319
TKM,2004,0.009308791,0.009308791,0.009308791
TKM,2005,0.003045104,0.003045104,0.003045104
TKM,2006,0.002988992,0.002988992,0.002988992
TKM,2007,0.0,0.0,0.0
TKM,2008,0.0,0.0,0.0
TKM,2009,0.0,0.0,0.0
TKM,2010,0.0,0.0,0.0
TKM,2011,0.0,0.0,0.0
TKM,2012,0.0,0.0,0.0
TKM,2013,0.0,0.0,0.0
TKM,2014,0.0,0.0,0.0
TKM,2015,0.0,0.0,0.0
TKM,2016,0.0,0.0,0.0
TKM,2017,0.0,0.0,0.0
TKM,2018,0.0,0.0,0.0
TKM,2019,0.0,0.0,0.0
TKM,2020,0.0,0.0,0.0
TKM,2024,0.0,0.0,0.0
TLS,2000,158.3790217,68.5553369,358.8106233
TLS,2001,158.3790074,68.61872928,359.5764059
TLS,2002,126.2094004,85.55661445,171.2277894
TLS,2003,78.3040387,65.94439954,91.38031104
TLS,2004,267.8467204,162.2573249,373.011363
TLS,2005,172.3835205,118.2905779,234.317913
TLS,2006,178.8626649,110.3692387,254.5226282
TLS,2007,121.3545133,87.20673955,161.6337886
TLS,2008,138.1717368,91.74013835,190.6411269
TLS,2009,100.5509172,65.38797181,140.5539951
TLS,2010,93.52733076,66.79567535,123.5758481
TLS,2011,29.52421085,23.68973625,36.08944032
TLS,2012,6.804575733,5.739340622,7.983220439
TLS,2013,1.301200353,1.095651073,1.521431724
TLS,2014,0.42551622,0.35804536,0.497507626
TLS,2015,0.097049946,0.082051318,0.113813119
TLS,2016,0.096949719,0.081368515,0.113396547
TLS,2017,0.013591135,0.013591135,0.013591135
TLS,2018,0.0,0.0,0.0
TLS,2019,0.0,0.0,0.0
TLS,2020,0.002405456,0.002405456,0.002405456
TLS,2021,0.0,0.0,0.0
TLS,2022,0.0,0.0,0.0
TLS,2023,0.0,0.0,0.0
TLS,2024,0.0,0.0,0.0
TUR,2000,2.688182789,2.688182789,2.688182789
TUR,2001,2.510954072,2.510954072,2.510954072
TUR,2002,2.345938239,2.345938239,2.345938239
TUR,2003,2.091601343,2.091601343,2.091601343
TUR,2004,1.189183855,1.189183855,1.189183855
TUR,2005,0.462451245,0.462451245,0.462451245
TUR,2006,0.174831818,0.174831818,0.174831818
TUR,2007,0.068061411,0.068061411,0.068061411
TUR,2008,0.035687014,0.035687014,0.035687014
TUR,2009,0.008067572,0.008067572,0.008067572
TUR,2010,0.0,0.0,0.0
TUR,2011,0.0,0.0,0.0
TUR,2012,0.0,0.0,0.0
TUR,2013,0.0,0.0,0.0
TUR,2014,0.0,0.0,0.0
TUR,2015,0.0,0.0,0.0
TUR,2016,0.0,0.0,0.0
TUR,2017,0.0,0.0,0.0
TUR,2018,0.0,0.0,0.0
TUR,2019,0.0,0.0,0.0
TUR,2020,0.0,0.0,0.0
TZA,2000,334.6066207,256.7732477,428.2605816
TZA,2001,318.4528321,245.4118415,406.7167273
TZA,2002,297.3343182,230.5982373,379.0265692
TZA,2003,278.6530601,216.1445069,352.0249272
TZA,2004,264.9470208,206.8850337,335.4774614
TZA,2005,251.6788289,194.3870777,318.1662018
TZA,2006,225.7173376,172.548899,291.0056575
TZA,2007,197.8895543,149.2428409,255.9574424
TZA,2008,174.5592652,129.9198366,229.0725002
TZA,2009,155.4170819,115.0536287,205.5478659
TZA,2010,145.5640581,107.53831,192.9914655
TZA,2011,132.9716744,98.86822146,175.5794779
TZA,2012,121.4475751,89.98237387,160.2519074
TZA,2013,131.7988925,98.46420196,174.1676789
TZA,2014,146.359004,109.1291421,192.1086122
TZA,2015,141.8033753,106.0000419,186.658681
TZA,2016,134.0467683,99.57775306,177.3345937
TZA,2017,123.1838275,91.09410176,162.1515073
TZA,2018,111.4820751,82.43315684,148.037103
TZA,2019,116.092398,84.37270759,155.8788917
TZA,2020,123.3493028,89.28394658,165.1995438
TZA,2021,133.3293979,97.29596155,178.3490318
TZA,2022,132.3930445,97.69358523,176.7966733
TZA,2023,138.4507573,100.925264,186.2766759
TZA,2024,136.7250515,97.06692146,188.5383449
UGA,2000,482.7711493,385.1283721,599.6268669
UGA,2001,508.4273514,412.1599966,622.5096436
UGA,2002,501.6191286,406.7424618,611.5280842
UGA,2003,479.3627641,381.4390028,594.0760449
UGA,2004,442.7841558,343.3523799,564.0452776
UGA,2005,426.2721027,325.2982607,546.9336019
UGA,2006,425.6222728,332.5506608,534.8648858
UGA,2007,417.9052811,333.5510083,516.7928078
UGA,2008,417.7022309,335.2851754,512.7652732
UGA,2009,422.7998524,341.7023649,518.9401312
UGA,2010,405.9743691,322.4331323,503.8304448
UGA,2011,382.8950377,302.7692832,478.1518652
UGA,2012,349.7942202,277.8102825,434.964086
UGA,2013,310.2735934,244.5639317,387.7544695
UGA,2014,292.1084447,227.8836365,370.0019258
UGA,2015,288.695679,219.8383888,371.3419041
UGA,2016,281.0223533,211.0702329,365.8251435
UGA,2017,276.5116787,209.7878924,355.5238913
UGA,2018,269.2137925,208.1804277,341.1712068
UGA,2019,250.8240477,197.1771378,314.094805
UGA,2020,255.6631833,197.2209888,326.4055416
UGA,2021,268.6123762,183.045766,380.1948605
UGA,2022,266.5834318,160.0256619,417.7585952
UGA,2023,267.5743421,155.9123155,426.1067717
UGA,2024,264.2318243,154.1685033,426.6393927
UZB,2000,5.083309799,5.083309799,5.083309799
UZB,2001,3.068951774,3.068951774,3.068951774
UZB,2002,2.913500532,2.913500532,2.913500532
UZB,2003,2.878145541,2.878145541,2.878145541
UZB,2004,2.535633332,2.535633332,2.535633332
UZB,2005,3.870086508,3.870086508,3.870086508
UZB,2006,2.734184801,2.734184801,2.734184801
UZB,2007,1.107992318,1.107992318,1.107992318
UZB,2008,0.254601004,0.254601004,0.254601004
UZB,2009,0.0,0.0,0.0
UZB,2010,0.105689625,0.105689625,0.105689625
UZB,2011,0.0,0.0,0.0
UZB,2012,0.0,0.0,0.0
UZB,2013,0.0,0.0,0.0
UZB,2014,0.0,0.0,0.0
UZB,2015,0.0,0.0,0.0
UZB,2016,0.0,0.0,0.0
UZB,2017,0.0,0.0,0.0
UZB,2018,0.0,0.0,0.0
UZB,2019,0.0,0.0,0.0
UZB,2020,0.0,0.0,0.0
UZB,2021,0.0,0.0,0.0
UZB,2023,0.0,0.0,0.0
UZB,2024,0.0,0.0,0.0
VEN,2000,2.896189737,2.538047503,3.437395675
VEN,2001,1.908252709,1.672863644,2.266070108
VEN,2002,2.754320999,2.420138726,3.260863583
VEN,2003,2.897341498,2.557008148,3.401732658
VEN,2004,4.174810232,3.696383919,4.898251529
VEN,2005,3.95575238,3.508423978,4.645227722
VEN,2006,3.205767001,2.838001511,3.76284046
VEN,2007,3.532378071,3.150154061,4.116570574
VEN,2008,2.672161272,2.381286943,3.098078414
VEN,2009,2.948629345,2.627442753,3.421025759
VEN,2010,4.019352308,3.306199264,5.133850575
VEN,2011,3.670694849,3.276385539,4.254690989
VEN,2012,4.186124666,3.724044054,4.831118989
VEN,2013,6.163505604,5.478768227,7.154713271
VEN,2014,7.015120408,6.258321605,8.071002858
VEN,2015,10.44470113,9.299439406,12.01808846
VEN,2016,18.32019533,16.31233074,21.04834212
VEN,2017,31.56014519,28.08775743,36.41649023
VEN,2018,31.8553743,28.36792553,36.7372413
VEN,2019,32.26404168,28.71416947,37.24276385
VEN,2020,15.6846016,13.95847241,18.02944662
VEN,2021,14.47873501,12.87400099,16.72590517
VEN,2022,10.92325613,9.689311487,12.59690385
VEN,2023,9.526991659,8.474288444,10.98661899
VEN,2024,7.788128105,6.90392917,8.998497547
VNM,2000,3.542176057,2.786006131,4.718160078
VNM,2001,3.222010937,2.569670102,4.190814781
VNM,2002,2.264278202,1.803582052,2.959163015
VNM,2003,1.647269907,1.331209629,2.119220273
VNM,2004,0.955244291,0.784813519,1.217979961
VNM,2005,0.679437563,0.567222184,0.847795143
VNM,2006,0.720315056,0.608614205,0.885599041
VNM,2007,0.454630432,0.394454605,0.543846503
VNM,2008,0.285326871,0.249657826,0.342438045
VNM,2009,0.358646751,0.322724009,0.412052992
VNM,2010,0.35621038,0.324450653,0.405285694
VNM,2011,0.309907148,0.284692492,0.349647073
VNM,2012,0.361356216,0.332311896,0.406047861
VNM,2013,0.311004802,0.286331155,0.349311125
VNM,2014,0.282091038,0.2600536,0.317389418
VNM,2015,0.16493271,0.152156747,0.184798674
VNM,2016,0.072520408,0.066731694,0.081499211
VNM,2017,0.078195853,0.072108409,0.08756296
VNM,2018,0.053252802,0.049107628,0.059626008
VNM,2019,0.053842714,0.049611817,0.060293787
VNM,2020,0.022923696,0.021097201,0.025510739
VNM,2021,0.005170469,0.005170469,0.005170469
VNM,2022,0.005608224,0.005608224,0.005608224
VNM,2023,0.005043372,0.005043372,0.005043372
VNM,2024,0.003211208,0.003211208,0.003211208
VUT,2000,124.3658774,67.6706159,202.7050531
VUT,2001,97.90034078,67.43395051,143.4862666
VUT,2002,187.1461174,127.9654657,273.6725415
VUT,2003,212.6418459,139.5146105,319.8381288
VUT,2004,148.5579284,103.823325,201.6184113
VUT,2005,121.5790473,79.08984153,184.7755741
VUT,2006,106.2554707,65.69008397,163.9831097
VUT,2007,123.4295631,67.96907482,538.180259
VUT,2008,117.9879769,56.23435407,539.0482864
VUT,2009,63.96682851,35.07454991,105.9778499
VUT,2010,88.02629204,64.62494806,123.7755355
VUT,2011,47.77121077,36.49655198,64.44677644
VUT,2012,34.38161707,26.00418671,46.95891242
VUT,2013,21.76578304,16.20929968,30.06106522
VUT,2014,9.910121081,7.316351508,13.7643666
VUT,2015,3.295741091,2.656885919,4.028545552
VUT,2016,17.06445756,12.124751,24.27568857
VUT,2017,9.281633855,6.480896351,13.45388087
VUT,2018,4.792153068,3.256700951,7.042747267
VUT,2019,4.322154639,2.887144501,6.401035673
VUT,2020,3.781059901,2.479354744,5.698442069
VUT,2021,2.412805524,1.530071796,3.720559195
VUT,2022,8.624930521,5.372932412,13.39747194
VUT,2023,17.93962698,10.73303413,28.32677399
VUT,2024,12.24613075,7.367814093,19.21161338
YEM,2000,83.29822761,35.53824935,361.1655506
YEM,2001,90.33819828,40.17415123,406.7747312
YEM,2002,97.49046014,46.52927595,432.2272152
YEM,2003,86.05801105,36.12601697,375.7393016
YEM,2004,67.23547827,30.93118964,316.3810813
YEM,2005,68.36326764,30.29918862,326.5363661
YEM,2006,79.31251597,35.46947714,374.5864691
YEM,2007,54.46072937,27.74746449,116.3125497
YEM,2008,33.40362941,17.19598617,74.15127014
YEM,2009,42.06641425,21.6330225,98.35052868
YEM,2010,65.73160639,37.18001768,123.6722882
YEM,2011,44.65442027,27.74800473,73.00256817
YEM,2012,47.04440713,31.38633201,71.03750856
YEM,2013,37.12470527,25.93938863,53.48495694
YEM,2014,30.41936164,21.15283652,44.03397086
YEM,2015,26.0206694,17.9323606,37.86039659
YEM,2016,32.76087837,22.4378591,48.17302862
YEM,2017,36.21969645,24.34855174,53.61347967
YEM,2018,41.34515201,27.15857607,61.98374569
YEM,2019,38.65658173,25.31910082,58.09112781
YEM,2020,36.47733788,23.51152718,55.31172036
YEM,2021,44.25520896,28.06751507,67.19466169
YEM,2022,39.04032364,24.3313323,60.58810792
YEM,2023,38.85602932,24.10462422,59.9554975
YEM,2024,52.16923015,32.46164997,80.87241164
ZAF,2000,3.859650536,2.802180081,5.518693817
ZAF,2001,5.572374009,5.572374009,5.572374009
ZAF,2002,3.258890519,3.258890519,3.258890519
ZAF,2003,2.775032093,2.775032093,2.775032093
ZAF,2004,2.734968695,2.734968695,2.734968695
ZAF,2005,1.566982279,1.566982279,1.566982279
ZAF,2006,2.419683721,2.419683721,2.419683721
ZAF,2007,1.252162637,1.252162637,1.252162637
ZAF,2008,1.525200535,1.525200535,1.525200535
ZAF,2009,1.173820781,1.173820781,1.173820781
ZAF,2010,1.53981207,1.53981207,1.53981207
ZAF,2011,1.861678039,1.861678039,1.861678039
ZAF,2012,1.231068212,1.231068212,1.231068212
ZAF,2013,1.581051812,1.581051812,1.581051812
ZAF,2014,2.1054116,2.1054116,2.1054116
ZAF,2015,0.874240373,0.874240373,0.874240373
ZAF,2016,0.75498323,0.75498323,0.75498323
ZAF,2017,4.056725096,4.056725096,4.056725096
ZAF,2018,1.631378704,1.631378704,1.631378704
ZAF,2019,0.809057144,0.809057144,0.809057144
ZAF,2020,0.736926125,0.736926125,0.736926125
ZAF,2021,0.483231603,0.483231603,0.483231603
ZAF,2022,0.327517165,0.327517165,0.327517165
ZAF,2023,0.837019584,0.837019584,0.837019584
ZAF,2024,0.114830867,0.114830867,0.114830867
ZMB,2000,360.3289041,281.435566,456.1143348
ZMB,2001,379.231946,298.15259,476.8140886
ZMB,2002,369.9612949,287.3677128,468.5707736
ZMB,2003,348.025214,274.6051543,435.4637871
ZMB,2004,300.8905824,237.2971062,377.0948324
ZMB,2005,262.5238089,204.496573,333.5298548
ZMB,2006,225.9331403,176.7706815,284.8232495
ZMB,2007,194.6593278,151.4668186,246.2442594
ZMB,2008,171.6153442,133.1391474,216.0749226
ZMB,2009,166.7844419,129.9155995,210.0495527
ZMB,2010,169.9224537,133.948044,212.5526508
ZMB,2011,181.1215632,141.5864975,227.5588014
ZMB,2012,206.1546522,159.8948066,259.2735159
ZMB,2013,228.0255656,177.3817168,287.9333781
ZMB,2014,237.4727396,187.9832218,296.9260487
ZMB,2015,237.7809668,190.2345423,294.0828767
ZMB,2016,229.0813586,182.7669631,283.603647
ZMB,2017,220.1043969,172.9731693,272.6179683
ZMB,2018,221.9995372,175.5618959,275.5452367
ZMB,2019,223.8523842,175.5007902,279.8617051
ZMB,2020,234.2474145,185.8957748,291.2029474
ZMB,2021,240.9800401,194.8196268,295.5630818
ZMB,2022,246.10104,199.2134869,300.7417355
ZMB,2023,252.0788372,203.3412778,308.7081924
ZMB,2024,252.4103382,203.3012197,312.097919
ZWE,2000,102.5884426,24.95360485,254.8972515
ZWE,2001,102.5885441,23.31272638,254.0148332
ZWE,2002,102.5884878,23.22912954,250.8838645
ZWE,2003,102.5885322,23.63039956,256.3588104
ZWE,2004,102.5885158,21.9836088,251.4467883
ZWE,2005,102.5884477,22.92300518,253.0204839
ZWE,2006,102.5885008,23.53679702,257.5137757
ZWE,2007,167.623628,72.05225565,292.2019071
ZWE,2008,67.50863158,13.86529309,134.1538402
ZWE,2009,73.81939894,28.79357902,130.1944818
ZWE,2010,104.3780603,56.77171274,166.0582092
ZWE,2011,67.44538249,44.33334037,93.00385516
ZWE,2012,54.46025519,37.23099198,72.85474842
ZWE,2013,78.2694755,55.66515126,102.4878134
ZWE,2014,97.70572,72.10578965,124.8368032
ZWE,2015,94.11756094,64.14672613,128.1554781
ZWE,2016,66.16057787,43.35376824,91.47365345
ZWE,2017,114.7046387,71.59187596,165.8095965
ZWE,2018,53.61458214,33.18225113,75.77238244
ZWE,2019,65.09225256,39.08498957,93.49224667
ZWE,2020,94.29687221,56.56121918,135.9160272
ZWE,2021,27.53749473,16.35279069,39.45940353
ZWE,2022,28.90136636,17.37074701,41.30337737
ZWE,2023,49.39604595,29.50589926,70.61433082
ZWE,2024,11.36272542,6.827783476,16.36238798
